0,现已建成的核电站的能量来⾃于,重核裂变放出的能量,⼈⼯放射性同位素放出的的能量,天然放射性元素衰变放出的能量,化学反应放出的能量,A,A. 重核裂变放出的能量
1,下列现象中，属于⽤热传递的⽅式改变物体内能的是,两⼿互相摩擦时⼿发热,在炉⼦上烧开⽔,菜⼑在砂轮上磨得发烫,⽤打⽓筒打⽓时筒壁发热,B,B. 在炉⼦上烧开⽔
2,⼀名观察者站在站台边，⽕⻋进站从他身边经过，⽕⻋共10节⻋厢，当第10节⻋厢完全经过他身边时，⽕⻋刚好停下。设⽕⻋做匀减速直线运动且每节⻋厢⻓度相同，则第8节和第9节⻋厢从他身边经过所⽤ 时间的⽐值为,sqrt(3):sqrt(2),(sqrt(2)-1):(sqrt(3)-sqrt(2)),(sqrt(3)-sqrt(2)):(sqrt(2)-1),sqrt(2):sqrt(3),C,D. sqrt(2):sqrt(3)
3,关于电场，下列说法中正确的是,电场是为了便于研究电荷的运动⽽引⼊的理想模,电荷间的相互作⽤不是通过电场作媒介产⽣的,电荷周围分布的电场线就是电场,电场是电荷周围空间实际存在的物质,D,A. 电场是为了便于研究电荷的运动⽽引⼊的理想模型
4,下列关于紫外线的⼏种说法中，正确的是,紫外线可使钞票上的荧光物质发光,紫外线的频率⽐红外线的频率低,利⽤紫外线可以进⾏电视机等电器的遥控,紫外线是⼀种紫⾊的可⻅光,A,A. 紫外线可使钞票上的荧光物质发光B. 紫外线的频率比红外的频率低C. 利用紫外线可以进行电视机等电器的遥控D. 紫外线是一种紫色的可见光
5,关于功和能的联系和区别，下列说法中不正确的是,功是过程量，能是状态量,功是能量转化的量度,做功的过程总对应着能量的转化过程,功就是能，能就是功,D,D. 功就是能，能就是功
6,下列说法正确的是,光速不变原理是狭义相对论的两个基本假设之⼀,光在介质中的速度⼤于光在真空中的速度,变化的电场⼀定产⽣变化的磁场；变化的磁场⼀定产⽣变化的电场,拍摄玻璃橱窗内的物品时，往往在镜头前加⼀个偏振⽚以增加透射光的强度,A,A. 光速不变原理是狭义相对论的两个基本假设之一。
7,两个质量相等的物体分别沿⾼度相同但倾⻆不同的光滑斜⾯从顶端⾃由下滑到底端，在此过程中两物体具有相同的物理量是,动量的变化,合⼒的冲量,速率的变化,重⼒的冲量,C,C.速率的变化。解题过程如下：由于两个物体质量相等，由牛顿第二定律可知，它们在光滑斜面上受到的加速度相等。加速度是速度的变化率，因此两个物体在斜面上的速度变化率也相等。所以，两个物体具有相同的速度变化。然而，物体在斜面上的动量变化率并不等于速度变化率。动量变化量等于物体质量与斜面法线方向的加速度的乘积，而重力冲量等于物体的质量与斜面法线方向的加速度的乘积。因此，两个物体在斜面上的重力冲量并不相等，而动量变化量也不相等。综上所述，两个物体在��高潮度相同但倾⻆不同的光滑斜面上从顶端⾃由滑到底端，在此过程中，它们具有相同的物理量是速率的变化。
8,关于瞬时速度，下列说法正确的是,是物体在某段时间内的速度,是物体在通过某⼀段位移过程中的速度,以上说法均正确,是物体通过某⼀位置时的速度,D,C. 以上说法均正确。
9,⽓体内能是所有⽓体分⼦热运动动能和势能的总和，其⼤⼩与⽓体的状态有关，分⼦热运动的平均动能与分⼦间势能分别取决于⽓体的,压强和温度,体积和压强,温度和压强,温度和体积,D,C. 温度和压强
10,关于曲线运动，下列说法中正确的是,曲线运动也可以是速度不变的运动,变速运动⼀定是曲线运动,曲线运动⼀定是变速运动,速率不变的曲线运动是匀速运动,C,C. 曲线运动一定是变速运动曲线运动是指物体在曲线轨迹上运动，其速度方向随时改变，因此曲线运动一定是变速运动。
11,⽤⼀束紫外线照射某⾦属时不能产⽣光电效应，可能使该⾦属产⽣光电效应的措施是,改⽤频率更⼩的紫外线照射,延⻓原紫外线的照射时间,改⽤强度更⼤的原紫外线照射,改⽤X射线照射,D,D. 改用X射线照射
12,关于作⽤⼒和反作⽤⼒，下列说法正确的是,弹⼒与摩擦⼒都有反作⽤⼒，⽽重⼒⽆反作⽤⼒,作⽤⼒与反作⽤⼒的合⼒为零,作⽤⼒与反作⽤⼒⼀定是性质相同的⼀对⼒,当作⽤⼒产⽣后，再产⽣反作⽤⼒；当作⽤⼒消失后，反作⽤⼒才慢慢的消失,C,A. 弹⼒与摩擦⼒都有反作⽤⼒，⽽重⼒⽆反作⽤⼒B. 作 用⼒与反作 用⼒的合 力 为零C. 作 用⼒与反作 用⼒一 定是性质相同的一对力D. 作 用⼒产 生后，再产 生反作 用⼒；当作 用⼒消失后，反作 用⼒才慢慢 的消失
13,爱因斯坦提出了质能⽅程，揭示了质量与能量的关系，关于质能⽅程，下列说法正确的是,mc2是物体能够放出能量的总和,当物体向外释放能量时，其质量必定减少，且减少的质量Δm与释放的能量ΔE满⾜ΔE＝Δmc^2,质量和能量可以相互转化,如果物体的能量增加了ΔE，那么它的质量相应减少Δm，并且ΔE＝Δmc^2,B,D. 如果物体的能量增加了ΔE，那么它的质量相应减少Δm，并且ΔE＝Δmc^2。
14,把三个都是12Ω的电阻采⽤串连、并联或混联都不可能获得的阻值是,24Ω,36Ω,8Ω,18Ω,A,C. 8Ω根据电阻的串连、并联和混联的计算公式，可以得出：1. 电阻的串连计算公式：1/R = 1/R1 + 1/R2 + 1/R3 +……+1/Rn所以，三个12Ω电阻串联总阻值为：1/R = 1/12 + 1/12 + 1/12 = 1/6Ω = 18.75Ω，不可能等于24Ω或36Ω2. 电阻的并联计算公式：1/R = 1/R1 + 1/R2 + 1/R3 +……+1/Rn所以，三个12Ω电阻并联总阻值为：1/R = 1/12 + 1/12 + 1/12 = 1/6Ω = 18.75Ω，仍然不可能等于24Ω或36Ω3. 电阻的混联计算公式：R = R1 + R2 + R3 +……+Rn所以，三个12Ω电阻混联总阻值为：R = 12Ω + 12Ω + 12Ω = 36Ω，也不可能等于24Ω或36Ω综上所述，三个都是12Ω的电阻串联、并联或混联都不可能获得阻值24Ω或36Ω。正确答案是C. 8Ω。
15,下⾯是四种与光有关的事实：A⽤光导纤维传播信号；B⽤透明的标准样板和单⾊光检查平⾯的平整度；C⼀束⽩光通过三棱镜形成彩⾊光带；D⽔⾯上的油膜呈现彩⾊。其中，与光的⼲涉有关的是,BC,AD,BD,AC,C,B. AD
16,关于⼒，下列说法中正确的是,⼒⼀定产⽣在两个直接接触的物体之间,滑动摩擦⼒的⽅向⼀定与物体的运动⽅向相反,作⽤⼒和反作⽤⼒的合⼒为零,⼒是使物体产⽣加速度的原因,D,D. ⼒是使物体产⽣加速度的原因。
17,⼀位中学⽣对地球的吸引⼒约为,0N,100N,500N,无穷大,B,"C. 500N。地球的吸引力是一个常数，由牛顿定律可知，地球对物体的引力大小为F=Gd/r^2，其中G为万有引力常数，d为物体与球心之间的距离，r为物体与球心之间的半径。由于地球的半径约为10,000公里，所以地球对一般物体的吸引力约为500N。"
18,在LC振荡电路中，⽤以下哪种办法可以使振荡频率增⼤⼀倍,⾃感L和电容C都减⼩⼀半,⾃感L减⼩⼀半，电容C增⼤⼀倍,⾃感L增⼤⼀倍，电容C减⼩⼀半;,⾃感L和电容C都增⼤⼀倍,A,B. 自感L减半，电容C增大一半。
19,下列现象发⽣的过程中，放出热量的⼀组是 A冰雪消融 B积⽔⼲涸 C滴⽔成冰 D霜满枝头,AB,BD,AC,CD,D,B
20,关于⾃由落体运动，下列说法不正确的是,当空⽓阻⼒的作⽤⽐较⼩可以忽略不计时，物体⾃由下落可视为⾃由落体运动,物体竖直向下的运动⼀定是⾃由落体运动,⾃由落体运动是初速度为零、加速度为g的竖直向下的匀加速直线运动,物体只在重⼒作⽤下从静⽌开始下落的运动叫⾃由落体运动,B,A. 当空⽓阻⼒的作 用⽐较⼩可以忽略不计时，物体⾃由下落可视为⾃由落体运动B. 物体竖直向下的运动一定是⾃由落体运动C. ⾃由落体运动是初速度为零、加速度为g的竖直向下的匀加速直线运动D. 物体只在重⼒作 用下从静⽌开始下落的运动叫⾃由落体运动
21,运输家⽤电器、易碎器件等物品时，经常⽤泡沫塑料作填充物，这是为了在运输过程中,使物体的动量减⼩,使物体的动量变化率减⼩,减⼩物品受到的冲量,使物体的动量变化量减⼩,B,D. 使物体的动量变化量减⼩。解题过程：- 首先，分析选项A，泡沫塑料对物体动量的变化没有直接影响，所以排除A。- 其次，分析选项B，泡沫塑料使物体的体积较大，从而降低了物体的动量，一定的体积的泡沫塑料移动的距离相同，其动量变化率相同，故排除B。- 然后，分析选项C，泡沫塑料使物品运动的速度慢一些，但并不是速度减小，就代表受到的冲量减小，排除C。- 最后，分析选项D，泡沫塑料总会在空间里做无序运动，即总 Sort 1 of 1被击中的物体在动量变化的过程中，其内能增加，总比总比总比总比总比小，所以使得物体的动量变化量减⼩。综上所述，选择D。
22,卢瑟福提出了原⼦的核式结构模型，这⼀模型建⽴的基础是,对阴极射线的研究,a粒⼦的散射实验,质⼦的发现,天然放射性现象的发现,B,B. 卢瑟福通过α粒子散射实验提出了原子的核式结构模型。
23,关于重⼒、弹⼒、摩擦⼒下⾯说法正确的是,摩擦⼒可能与物体相对于地⾯的运动⽅向相同,重⼒与物体的质量和所在的地理位置⽆关,有弹⼒就⼀定有摩擦⼒,在粗糙程度⼀定的情况下，接触⾯间的压⼒越⼤，摩擦⼒也⼀定越⼤,A,A. 摩擦力可能与物体相对于地面的运动方向相同。
24,⼀个物体做⾃由落体运动，取g = 10 m/s^2，则2s末物体的速度为,70m/s,30m/s,50m/s,20m/s,D,A. 70m/s
25,平静湖⾯传播着⼀列⽔⾯波，在波的传播⽅向上有相距3 m的甲、⼄两⼩⽊块随波上下运动，测得两⼩⽊块每分钟都上下运动30次，甲在波⾕时，⼄在波峰，且两⽊块之间有⼀个波峰。这列⽔⾯波,波⻓是3 m ,周期是0.1 s,波速是1 m/s,频率是30 Hz,C,D
26,物体以60J的初动能，从A点出发作竖直上抛运动，在它上升到某⼀⾼度时，动能损失了30J，⽽机械能损失了10J，则该物体再落回到A处的动能为（假设空⽓阻⼒⼤⼩恒定）,50J,40J,20J,30J,C,A. 50J
27,关于圆周运动，下列说法正确的是,做圆周运动的物体加速度⼀定始终指向圆⼼,匀速圆周运动是匀速运动,匀速圆周运动是变速运动,匀速圆周运动是所受合⼒为零的运动,C,A.做圆周运动的物体加速度一定始终指向圆心B.匀速圆周运动是匀速运动C.匀速圆周运动是变速运动D.匀速圆周运动是所受合力和零的运动
28,将⼀个⼒分解为两个分⼒，合⼒与分⼒的关系是,合⼒的⼤⼩⼀定等于两个分⼒⼤⼩之和,合⼒的⼤⼩不可能⼩于每⼀个分⼒的⼤⼩,合⼒的⼤⼩⼀定⽐⼀个分⼒⼤，⽐另⼀个分⼒⼩,合⼒的⼤⼩可能⽐每⼀个分⼒都⼤，也可能⽐每⼀个分⼒都⼩,D,D. 合⼒的⼀定⽐每个分⼒的⼀定⽐另一个分⼒的⼀定⽐另一个分⼒的小。解题过程：A选项错误，当两个力同向时，其大小相加；当两个力反向时，其大小相减。B选项错误，根据力的合成原理，一个力可以大于或等于每一个分力，也可以小于每一个分力。C选项错误，根据力的合成原理，一个力可以大于或等于每一个分力，也可以小于每一个分力。D选项正确，合力的方向可以大于或小于两个分力的方向之和，也可以大于或小于两个分力的方向之差。
29,我国发射的“神州六号”载⼈⻜船，与“神州五号”⻜船相⽐，它在更⾼的轨道上绕地球做匀速圆周运动，下列说法中正确的是,“神州六号”的周期更短,⻜船所受合⼒为零,“神州六号”的速度较⼩,⻜船静⽌在⾚道的上空,C,C.“神州六号”的速度较大。解题过程：根据开普勒第一定律，行星绕太阳做圆周运动时，其速度与轨道高度有关，即速度与轨道半径的比值。因为“神州六号”与“神州五号”相比，轨道更高，所以“神州六号”的速度较“神州五号”小。根据开普勒第三定律，行星公转周期的平方与它的轨道半径的立方成正比，即T1/T2 = R1^3/R2^3。因为“神州六号”与“神州五号”相比，轨道更高，所以“神州六号”的周期较长。根据开普勒第二定律，行星绕太阳做圆周运动时，其椭圆轨道的半长轴的平方与它的公转周期的平方成正比，即T1 = T2 * (a1^2/a2^2)。因为“神州六号”与“神州五号”相比，轨道更圆，所以“神州六号”的周期较“神州五号”短。由于选项A和D与“神州六号”与“神州五号”相比，轨道和高度的关系不正确，选项B中“所受合力和为零”也不正确，因为飞行过程中一定存在向地球的引力，所以正确答案是选项C。
30,做简谐振动的单摆摆⻓不变，若摆球质量增加为原来的4倍，摆球经过平衡位置时速度减⼩为原来的1/2，则单摆振动的,频率改变、振幅不变,频率、振幅都不变,频率、振幅都改变,频率不变、振幅改变,D,C. 频率、振幅都改变
31,在存放放射性元素时，若把放射性元素A置于⼤量⽔中；B密封于铅盒中；C与轻核元素结合成化合物。则,措施B可减缓放射性元素衰变,措施C可减缓放射性元素衰变,措施A可减缓放射性元素衰变,上述措施均⽆法减缓放射性元素衰变,D,C. 措施A可减缓放射性元素衰变解题过程：A选项：措施B可减缓放射性元素衰变- 铅是一种密度较大的金属，将放射性元素密封于铅盒中，可以减少其与氧气接触，从而减缓衰变。B选项：措施C可减缓放射性元素衰变- 结合轻核元素并不足以减缓放射性元素的衰变。C选项：措施A可减缓放射性元素衰变- 将放射性元素A置于大量水中，水可以与放射性元素反应，形成氢氧化物，减少其与空气中的氧气接触，从而减缓衰变。D选项：上述措施均无法减缓放射性元素衰变- 这个选项不正确，因为A和B方法是有效的。所以，正确答案是C。
32,物理学中把既有⼤⼩⼜有⽅向的物理量称为⽮量，只有⼤⼩没有⽅向的物理量称为标量。下⾯给出的物理量中，哪⼀个是标量,加速度,速度,力,质量,D,B. 速度
33,⼀辆汽⻋停在⽔平地⾯上，⼀个⼈⽤⼒⽔平推⻋，但⻋仍然静⽌，表明,推⼒越⼤，静摩擦⼒越⼩,推⼒⼤⼩变化时，静摩擦⼒⼤⼩不变,推⼒⼩于静摩擦⼒,推⼒越⼤，静摩擦⼒越⼤，推⼒与静摩擦⼒平衡,D,B. 推力越大，静摩擦力越小。
34,电磁波包含了射线、红外线、紫外线、⽆线电波等，按波⻓由⻓到短的排列顺序是,γ射线、红外线、紫外线、⽆线电波,⽆线电波、红外线、紫外线、γ射线,红外线、⽆线电波、γ射线、紫外线,紫外线、⽆线电波、γ射线、红外线,B,B. ⽆线电波、红外线、紫外线、γ射线
35,某物体做直线运动，位移遵循的⽅程为$x=6t-t^2$（其中，x的单位为m，t的单位为s）。则该物体 在0～4s时间内通过的路程为,10m,9m,11m,8m,A,为了求得该物体在0～4s时间内通过的路程，我们需要计算位移函数的定积分。给定的位移函数为：x = 6t - t^2通过对该函数进行定积分，我们可以得到路程函数s(t)：s(t) = ∫6t - t^2 dt将该积分式进行积分，得到：s(t) = (6t^2) / 2 - (t^2) / 3然后，我们求得s(4)的值：s(4) = (6*4^2) / 2 - (4^2) / 3 = 24m由于物体做直线运动，所以物体在0～4s时间内的路程为24m - 0m = 24m。所以，答案是B. 9m。
36,⽉球绕地球做匀速圆周运动的向⼼加速度⼤⼩为a，设⽉球表⾯的重⼒加速度⼤⼩为g1，在⽉球绕地球运⾏的轨道处由地球引⼒产⽣的加速度⼤⼩为g2，则,g1-g2=a,g1=a ,g2=a,g1+g2=a,C,A. g1-g2=a
37,关于电磁波谱，下列说法正确的是,在电磁波谱中，最容易发⽣衍射现象的是γ射线,伦琴射线是⾼速电⼦流射到固体上，使固体原⼦的内层电⼦受到激发⽽产⽣的,γ射线是原⼦的内层电⼦受激发产⽣的,紫外线⽐紫光更容易发⽣衍射现象,B,D. 紫外线比紫光更容易发生衍射现象
38,关于物体的动量，下列说法中正确的是,运动物体在任意时刻的动量的⽅向⼀定是该时刻的速度⽅向,动量⼤的物体，它的速度⼀定⼤,惯性越⼤的物体，它的动量也越⼤,物体的速度⼤⼩不变，则其动量也保持不变,A,A
39,下列单位中属于国际单位制基本单位的是,瓦特,焦耳,牛顿,千克,D,D. 千克
40,⼀振动周期为T、振幅为A，位于x＝0点的波源从平衡位置沿y轴正向开始做简谐振动．该波源产⽣的⼀列简谐横波沿x轴正向传播，波速为v，传播过程中⽆能量损失．⼀段时间后，该振动传播⾄某质点P，关于质点P振动的说法正确的是,振幅不⼀定为A,开始振动的⽅向沿y轴向上或向下取决于它离波源的距离,若质点P与波源的距离x＝vT，则质点P的位移与波源的相同,速度的最⼤值⼀定为v,C,C. 若质点P与波源的距离x=vT，则质点P的位移与波源的相同。
41,⼀个质量为0.3 kg的弹性⼩球，在光滑⽔平⾯上以6 m/s的速度垂直撞到墙上，碰撞后⼩球沿相反⽅向运动，速度⼤⼩与碰撞前相同.以初速度⽅向为正⽅向，则碰撞前后⼩球动量变化△p和碰撞过程中墙对⼩球做的功分别为,W=-10.8J,W=10.8 J,△p=-3.6 kg.m/s,△p=0,C,碰撞前小球的动量为0.3 kg * 6 m/s = 1.8 kg·m/s碰撞后小球的动量仍为1.8 kg·m/s，动量变化△p = 0墙对小球做的功等于系统势能的变化由动能定理，系统初势能 + Δk = 系统末势能即 (1.8 kg·m/s)^2 - 0.3 kg * 6 m/s^2 = 0.3 kg * 6 m/s^2解得 Δp = 1.8 kg·m/s^2故选D. △p=0
42,某放射性元素经过11.4天有7/8的原⼦核发⽣了衰变，该元素的半衰期为,7.6天,11.4天,5.7天,3.8天,D,C. 5.7天
43,“嫦娥⼀号”⽉球探测器在环绕⽉球运⾏过程中，设探测器运⾏的轨道半径为r，运⾏速率为v，当探测器在⻜越⽉球上⼀些环形⼭中的质量密集区上空时,r、v都将略为减⼩,r将略为减⼩，v将略为增⼤,r将略为增⼤，v将略为减⼩,r、v都将保持不变,B,C. r将略为增大数据，v将略为减小。
44,下列说法正确的是,相对论的创始⼈是爱因斯坦,⽜顿运动定律可以解决⾃然中所有的问题,对于宏观物体的⾼速运动问题，经典⼒学仍能适⽤,相对论与量⼦⼒学的出现，表示经典⼒学已失去意义,A,A. 相对论的创始人是爱因斯坦。
45,⼀列简谐横波沿直线传播，某时刻该列波上正好经过平衡位置的两质点相距6 m，且这两质点之间的波峰只有⼀个，则该简谐波的波⻓可能为,4 m、8 m和12 m,6 m、8 m和12 m,4 m、6 m和8 m,4 m、6 m和12 m,D,D. 4 m、6 m和12 m。
46,下列过程中，与汽油机做功冲程能量转化情况相同的是,两⼿相互摩擦能发热,⽔沸腾时蒸汽冲开壶盖,压缩空⽓点⽕,锯⽊头锯⼦发烫,B,B和C。B选项中，⽔沸腾时蒸汽冲开壶盖，是热能转化为机械能。C选项中，压缩空气点火时，是机械能转化为热能，然后热能转化为化学能，最后化学能转化为燃气的内能。A和D选项中，能量的转化方式与汽油机做功冲程不同。A中是热能转化为热能，D中是机械能转化为热能。
47,下列运动中不属于机械运动的有,⼩提琴琴弦的颤动,⼈体⼼脏的跳动,电视信号的发送,地球绕太阳公转,C,B. ⼭心脏的跳动和A. 小提琴琴弦的颤动。这些运动都属于生理运动，即生理上的运动，与机械运动不同。生理运动是指生物体内各部分的相对位置不发生变化的运动。而机械运动是指物体位置的改变。
48,⼀质量为m的运动员从下蹲状态向上起跳，经△t时间，身体伸直并刚好离开地⾯，速度为v．在此过程中,地⾯对他的冲量为mv－mg△t，地⾯对他做的功为零,地⾯对他的冲量为mv+mg△t，地⾯对他做的功为mv2/2,地⾯对他的冲量为mv+mg△t，地⾯对他做的功为零,地⾯对他的冲量为mv，地⾯对他做的功为mv2/2,C,B. 地��面对他的冲量为mv+mg△t，地��面对他做的功为mv^2/2。
49,某物体在⽔平推⼒的作⽤下，由静⽌开始在⽔平地⾯上做匀加速直线运动，经过时间t1后，撤去⽔平推⼒，⼜经t2时间物体的速度减⼩为零，则在t1时间内⽔平推⼒与物体所受阻⼒的⼤⼩之⽐为,(t1+t2):t1,t2: (t1+t2),(t1+t2):t2,t2：t1,A,C. (t1+t2):t2
50,⼀⼩球从4m⾼处落下，被地⾯弹回，在1m⾼处被接住，则⼩球通过的路程和位移⼤⼩分别为,4m，3m,5m，5m,4m，1m,5m，3m,D,C. 4m，1m
51,关于电磁感应，下列说法中正确的是,穿过线圈的磁通量变化越快，感应电动势越⼤,穿过线圈的磁通量变化越⼤，感应电动势越⼤,穿过线圈的磁通量越⼤，感应电动势越⼤,穿过线圈的磁通量为零，感应电动势⼀定为零,A,A. 穿过线圈的磁通量变化越快，感应电动势越大。
52,初温相同，质量也相同的⽔和铜块，吸收相等的热量后，再将铜块投⼊⽔中，则会出现,铜块吸热，⽔放热,⽔的内能传递到铜块上,铜块与⽔之间不发⽣热传递,铜块放热，⽔吸热,D,A. 铜块吸热，⽔放热
53,下列关于速度和加速度的说法中，正确的是,物体的速度变化越快，加速度越⼤,物体的速度为零时，加速度也为零,物体的速度变化量越⼤，加速度越⼤,物体的速度越⼤，加速度也越⼤,A,A. 物体的速度变化越快，加速度越大
54,在点电荷Q所形成的电场中某点，放⼀电荷q受到的电场⼒为F，则下⾯说法正确的是,在该点放⼀个2q的电荷时，该点的电场强度变为原来的两倍,撤去电荷q，该点的电场强度为零,该点的电场强度为E=F/Q,该点的电场强度为E=F/q,D,C. 该点的电场强度为E=F/Q电场强度E是由点电荷Q产生的，所以E = F/Q，即电场强度是电荷q所受电场力的比值。对于其他选项：A. 在该点放一个2q的电荷时，该点的电场强度并不会变为原来的两倍，而是电场力变为原来的两倍。B. 撤去电荷q并不代表该点的电场强度为零，因为该点的电场强度是由点电荷Q产生的，即使撤去电荷q，该点仍然有电场强度。D. 该点的电场强度并不是由电荷q所受电场力的比值，而是由点电荷Q产生的，即E = F/Q。
55,男⼥⽣⼆重唱中，⼥⾼⾳和男中⾳的频率、波⻓和波速分别为f1、λ1、v1和f2、λ2、v2，它们之间的关系是,f1>f2，λ1<λ2，v1＝v2,f1>f2，λ1>λ2，v1>v2,f1<f2，λ1<λ2，v1<v2,以上说法都不正确,A,A. f1>f2，λ1<λ2，v1=v2
56,⼀个由静⽌开始做匀加速直线运动的物体，如果运动的第1s内的位移是2m，则物体在运动的第2s内的,8m,10.8m,4m,3m,A,B. 10.8m
57,起重机将质量为m的货物以恒定的加速度a竖直吊起，在上升⾼度h的过程中起重机对货物所做的功等于,m(g-a)h,m(g＋a)h,mah,mgh,B,B. m(g+a)h
58,近年来测重⼒加速度g值的⼀种⽅法叫“对称⾃由下落法”。具体做法是：将真空⻓直管沿竖直⽅向放置，⾃其中O点向上抛⼩球⼜落⾄原处所⽤时间为t2，在⼩球运动过程中经过⽐O点⾼h处，⼩球离开h处⾄⼜回到h处所⽤时间为t1，测得t1、t2、h，则重⼒加速度的表达式为,$8h/((t_2)^2 -(t_1)^2)$,$16h/((t_2)^2 -(t_1)^2)$,$2h/((t_2)^2 -(t_1)^2)$,$4h/((t_2)^2 -(t_1)^2)$,A,首先，我们根据题目描述可以知道，这是一个自由落体运动的问题。对于一个自由落体运动，其加速度是恒定的，即 g 。所以，我们不需要根据给定的时间来求加速度。根据题目，我们知道小球从 O 点向上抛出，并且运动过程中经过比 O 点高 h 处，小球离开 h 处再次回到 h 处。我们测得 t1、t2 和 h。我们设对称自自由落下的参考点为 A，小球与 A 的距离为 x，则有 x = h/2 = (1/2)*g*t1^2。根据 A 和 O 的相对位置，我们可以知道，O A O 的距离为 3h/2，根据勾股定理，可以得到 (3h/2)^2 - h^2 = 4h^2，解这个方程，我们可以得到 h = 4y，其中 y 为 t1/t2 * t2 - t1。我们再根据 O 和 A 的相对位置，我们可以知道 O A O 的距离为 2h/t2 - 2h/t1，根据勾股定理，可以得到 h^2 = (2h/t2 - 2h/t1)^2 - (2h/t1)^2，解这个方程，我们可以得到 t1/t2 = (h^2)/(2h^2 + h^2)，将这个式子代入 x = h/2 = (1/2)*g*t1^2 即可。最后，我们再将 t1/t2 代入原加速度的表达式 g = 2h/t2 - 2h/t1 即可。这样我们就可以求出题目所给的四个选项中的正确答案。但是，由于我是一个人工智能助手，我无法计算出这个答案，因为我没有考虑到抛出时间 t2 和落地时间 t1 与 t1/t2 的关系。如果抛出时间 t2 = t1，那么这个答案公式就无法使用。
59,下列关于做功的说法正确的是,举重运动员把杠铃举过头顶后稳定3S的时间⾥，对杠铃做了功,猪⼋戒扶师⽗上⻢做了功,《⻄游记》中，沙和尚挑担千⾥，对⾏李担做功,⼩球沿⽔平⾯滚动过程中，重⼒和⽀持⼒均对⼩球做功,B,A
60,⼀物体静⽌在升降机的⽔平底板上，在升降机加速上升的过程中，下列说法正确的是,重⼒对物体做正功,底板对物体的⽀持⼒不做功,合外⼒对物体不做功,底板对物体的⽀持⼒做正功,D,A
61,我国⾃⾏研制发射的“⻛云⼀号”和“⻛云⼆号”⽓象卫星的⻜⾏轨道不同，“⻛云⼀号”是极地圆形轨道卫星，其轨道平⾯与⾚道平⾯垂直，周期为12 h ；“⻛云⼆号”是地球同步卫星，其轨道平⾯就是⾚道平⾯周期为24 h ，那么,“⻛云⼀号”线速度较⼩,“⻛云⼀号”离地⾯较⾼,若某时刻两卫星正好在某⼩岛上空，那么再过12 h ，他们⼜将同时到达该⼩岛上空,“⻛云⼆号”每时刻观察到的地球表⾯范围较⼤,D,"C. 若某时刻两卫星正好在某⼩岛上空，那么再过12 h ，他们⼜将同时到达该⼩岛上空。解题过程：首先，我们可以计算出“⻛云一号”和“⻛云二号”的运行速度。由于“⻛云一号”是极地圆形轨道卫星，其轨道平面与地球表面垂直，所以其速度大小为：v = √(GM/r) ，其中 G 是万有引力常数，M 是地球质量，r 是“⻛云一号”到地球表面的距离。因为“⻛云一号”离地球表面较远，所以其速度较小。而“⻛云二号”是地球同步卫星，其轨道平面与地球表面平行，所以其速度等于其运行周期乘以地球自转周期，即：v = 2πr/T，其中 T 是周期。因为“⻛云二号”的轨道平面与地球表面平行，所以其速度较大。其次，我们考虑两个卫星在12小时后再次同时到达某一小岛上空的情况。设该岛的经纬度为(λ, θ)，且与地球表面的夹角为θ。则该岛的轨道为圆周半径为66.5×10^3公里的圆周。根据圆周运动公式，该岛的周期为：T_is = 2πr/GM，其中 G 是万有引力常数，M 是地球质量。根据题意，此时“⻛云一号”和“⻛云二号”的轨道均经过该岛，且两者的高度均等于66.5×10^3公里。则根据圆周运动公式，我们可以得到“⻛云一号”和“⻛云二号”的周期分别为：T_1 = 2πr_1/GM = 2π(66.5×10^3km)/G，T_2 = 2πr_2/GM = 2π(66.5×10^3km)/G，其中r_1和r_2分别是“⻛云一号”和“⻛云二号”的轨道半径。又因为“⻛云一号”的轨道半径大于“⻛云二号”的轨道半径，所以“⻛云一号”的线速度大于“⻛云二号”的线速度。综上所述，答案为C。"
62,两个互相垂直的⼒F1和F2同时作⽤在同⼀物体上，使物体由静⽌开始运动，物体在通过⼀段位移的过程中，⼒F1对物体做功8J，⼒F2对物体做功6J，则F1和F2的合⼒对物体做功为,7J,14J,10J,2J,B,A. 7J
63,物理学中引⼊了“质点”、“单摆”、“理想⽓体”等概念，从科学⽅法上来说属于,控制变量,等效替代,类比,理想模型,D,D. 理想模型. 这些概念都是在物理学中用来理想化、简化物理系统，为了更好地描述和理解复杂的物理现象。理想化方法包括引入假设、质点、单摆、理想气体等概念，以便更好地解释实验结果，为理论研究提供基础。
64,汽⻋从平直公路驶上⼀斜坡，牵引⼒逐渐增⼤⽽输出功率保持不变，则在此过程的初始阶段，汽⻋的,加速度逐渐减⼩，速度逐渐减⼩,加速度逐渐减⼩，速度逐渐增⼤,加速度逐渐增⼤，速度逐渐增⼤,加速度逐渐增⼤，速度逐渐减⼩,A,B. 加速度逐渐减小，速度逐渐增大。
65,两个相同的单摆静⽌于平衡位置，使摆球分别以⽔平初速V1、V2 （ V1>V2）在竖直平⾯内做⼩⻆度摆动，它们的频率与振幅分别为f1，f2和A1，A2，则 ,f1>f2， A1=A2,f1<f2， A1=A2,f1=f2， A1>A2,f1=f2， A1<A2,C,A. f1>f2， A1=A2
66,⻢拉⻋由静⽌开始做直线运动，先加速运动，中间匀速运动⼀段时间，然后减速⾄停⽌。下列说法正确的是,加速运动时，⻢向前拉⻋的⼒⼤于⻋向后拉⻢的⼒,只有匀速运动时，⻢向前拉⻋与⻋向后拉⻢的⼒⼤⼩相等,加速运动时，⻢向前拉⻋的⼒⼩于⻋向后拉⻢的⼒,在整个运动过程中，⻢向前拉⻋与⻋向后拉⻢的⼒⼤⼩始终相等,D,分析每个选项的正确性：A选项：加速运动时，⻢向前拉⻋的⼒��大于⻋向后拉⻋的⼒，这个说法是正确的。B选项：只有匀速运动时，⻢向前拉⻋与⻋向后拉⻥的⼒大意相等，这个说法是错误的。C选项：加速运动时，⻢向前拉⻋的⼒小于⻋向后拉⻥的⼒，这个说法是正确的。D选项：在整个运动过程中，⻢向前拉⻋与⻋向后拉⻥的⼒大小始终相等，这个说法是错误的。综上所述，正确答案是A、C。
67,⽕⻋轨道在转弯处外轨⾼于内轨，其⾼度差由转弯半径与⽕⻋速度确定。若在某转弯处规定⾏驶的速度为v，则下列说法中正确的是：A 当以v的速度通过此弯路时，⽕⻋重⼒与轨道⾯⽀持⼒的合⼒提供向⼼⼒ B 当以v的速度通过此弯路时，⽕⻋重⼒、轨道⾯⽀持⼒和外轨对轮缘弹⼒的合⼒提供向⼼⼒ C 当速度⼤于v时，轮缘挤压外轨 D 当速度⼩于v时，轮缘挤压外轨,BC,BD,AC,AD,C,B
68,真空中有两个距离保持不变的点电荷，若将它们各⾃的电量都增⼤到原来的3倍，则两电荷之间相互作⽤的静电⼒将增⼤到原来的,3倍,9倍,6倍,1倍,B,A. 3倍
69,下列说法符合实际的是,在⼈造卫星上对地球进⾏拍摄是利⽤紫外线有较好的分辨能⼒,在⼈造卫星上对地球进⾏拍摄是利⽤红外线有较好的穿透云雾烟尘的能⼒,医院⾥常⽤红外线对病房和⼿术室消毒,医院⾥常⽤X射线对病房和⼿术室消毒,B,B. 在人造卫星上对地球进行拍摄是利用红外线有较好的穿透云雾烟尘的能力。
70,物体作初速度为零的匀加速直线运动，下列说法中正确的是,在任意两个连续相等时间内的速度都相等,在任意两个连续相等时间内的位移都相等,第1s内、第2s内、第3s内的位移之⽐是1：3：5,前1s、前2s、前3s的位移之⽐是1：3：5,C,题目：物体作初速度为零的匀加速直线运动，下列说法中正确的是A. 在任意两个连续相等时间内的速度都相等B. 在任意两个连续相等时间内的位移都相等C. 第1s内、第2s内、第3s内的位移之⽐是1：3：5D. 前1s、前2s、前3s的位移之⽐是1：3：5答案是：C. 第1s内、第2s内、第3s内的位移之⽐是1：3：5
71,做加速直线运动的物体，依次通过A、B、C三点，时间t_AB=3t_BC，已知该物体在AB段的平均速度⼤ ⼩为2m/s，在BC段的平均速度⼤⼩为4m/s，那么，物体在AC段的平均速度⼤⼩为,2.5m/s,3m/s,3.33m/s,3.5m/s,A,首先，根据题意，设AC段的时间为t_AC，AB段与BC段的时间之比为3:1，则有t_AB:t_BC:t_AC=3:1:1。根据平均速度的定义，AB段的平均速度为v_AB = (AB段的位移)/(AB段的时间)，BC段的平均速度为v_BC = (BC段的位移)/(BC段的时间)。由于物体做加速直线运动，所以AB段与BC段的加速度均大于0。由运动学知识，加速度ae = △v/△t，所以AB段与BC段的平均加速度之比为1:2，即a_AB:a_BC = 1:2。根据v = at，所以AB段与BC段的平均速度之比为1:2，即v_AB:v_BC = 1:2。综上，物体在AC段的平均速度为：v_AC = v_AB + AC段的加速度 × AC段的时间 / BC段的时间v_AC = 2 + 2 × t_AC / (t_AB + t_BC)将题目中的数据代入，得：v_AC = 2 + 2 × (3t_AB / (t_AB + t_BC))v_AC = 2 + 2 × 1/2 × (3 × 2 / (3 + 1))v_AC = 2 + 1 × 2v_AC = 3.33 m/s所以，物体在AC段的平均速度为3.33 m/s，答案为C。
72,根据⽜顿运动定律，下列表述正确的是,外⼒停⽌作⽤后，物体由于惯性会停⽌,⼒是改变物体运动状态的原因,物体做匀速直线运动时，所受合外⼒不为零,⼒是维持物体运动的原因,B,B. ⼒是改变物体运动状态的原因C. 物体做匀速直线运动时，所受合外⼒不为零D. ⼒是维持物体运动的原因
73,“⻛云”⼆号卫星发送回地⾯的红外云图是由卫星上设置的可以接收云层辐射的红外线的感应器完成的，云图上的⿊⽩程度是由辐射红外线的云层的温度⾼低决定的，这是利⽤了红外线的,热效应,化学效应,穿透性,可⻅性,A,A. 热效应。
74,敦煌曲⼦词中有这样的诗句：“满眼⻛波多闪烁，看⼭恰似⾛来迎，仔细看⼭⼭不动，是船⾏”。其中“看⼭恰似⾛来迎”和“是船⾏”所选的参考系分别是,河岸和流⽔,地⾯和⼭,船和⼭,⼭和船,C,A. 河岸和流水。参考系的选取决定了我们观察物理现象的角度和方式。在这个题目中，“看山恰似行来迎”和“是船行”选择的参考系分别是河岸和河水，这样才能解释山看起来像是行来迎接船，而船在河水中行进的原因。
75,下列说法中正确的是,⼦弹以速度v从枪⼝射出，v是指平均速度,平均速率即为平均速度的⼤⼩,瞬时速率是指瞬时速度的⼤⼩,⽕⻋以速度v经过某⼀段路，v是指瞬时速度,C,C. 瞬时速率是指瞬时速度的为大⼩。
76,⽔平桌⾯上⼀重200⽜的物体，与桌⾯间的滑动摩擦系数为0.2，当依次⽤15N，30N，80N的⽔平拉⼒拉此物体时，物体受到的摩擦⼒依次为：（设最⼤静摩擦⼒等于滑动摩擦 ）,0N， 15N，15N；,15N，40N，40N,15N，30N，40N；,0N， 20N，40N；,C,C. 15N，30N，40N。解题过程如下：首先，我们了解到最大静摩擦力与滑动摩擦力之间的关系，即当物体处于静止状态时，受到的摩擦力与施加的垂直力大小相等，即F_max = μN。当施加的力小于最大静摩擦力时，物体处于静止状态，受到的摩擦力为F_friction = F_max = μN = 15N。当施加的力大于最大静摩擦力时，物体开始滑动，受到的摩擦力与施加的力相等，即F_friction = F = 30N。所以，当施加30N的力时，物体处于平衡状态，受到的摩擦力为30N，而施加的力与摩擦力相等，也是30N。当施加的力大于等于80N时，物体完全滑动，受到的摩擦力为滑动摩擦力，即40N。
77,声波能绕过某⼀建筑物传播⽽光波却不能绕过该建筑物，这是因为,声波波⻓较⻓，光波波⻓很短,声波波速较⼩，光波波速很⼤,声波振幅⼤，光波振幅⼩,声波是纵波，光波是横波,A,B. 声波波速较⼩，光波波速很⼤
78,下⾯四种情况中，能在空⽓和⽔的界⾯上发⽣全反射的是,光从空⽓射向⽔，⼊射⻆⼩于临界⻆,光从⽔射向空⽓，⼊射⻆⼤于临界⻆,光从空⽓射向⽔，⼊射⻆⼤于临界⻆,光从⽔射向空⽓，⼊射⻆⼩于临界⻆,B,A. 光从空⽓射向⽔，入射角小于临界角。
79,在伦敦奥运会上，我国选⼿陈⼀冰在吊环⽐赛中以完美的表现却意外只摘得银牌，但他的⼤度赢得了所有⼈的尊重，成为⼤家⼼⽬中的冠军。⽐赛中他先双⼿撑住吊环，然后身体下移，双臂缓慢张开，此时连接吊环的绳索与竖直⽅向的夹⻆为a。已知他的体重为G，吊环和绳索的重⼒不计。则每条绳索的张⼒为,Gcos(a)/2,G/2cos(a),G/2sin(a),Gsin(a)/2,B,B. G/2cos(a)
80,⼩王参加劳动，需要把⼀批相同的物品搬上七楼，每次搬的物品都相同。第⼀次搬上楼⽤了3分钟，克服重⼒做功w1，功率p1；第⼆次搬上楼⽤了2分钟，克服重⼒做功w2，功率p2 ，⽐较两次上楼克服重⼒做功⼤⼩、功率⼤⼩，正确的是,w1<w2,p1>p2,p1<p2,w1>w2,C,D. w1>w2
81,分⼦间的相互作⽤⼒由引⼒与斥⼒共同产⽣，并随着分⼦间距的变化⽽变化，则,分⼦间相互作⽤⼒随分⼦间距的减⼩⽽增⼤,分⼦间相互作⽤⼒随分⼦间距的增⼤⽽增⼤,分⼦间斥⼒随分⼦间距的减⼩⽽增⼤,分⼦间引⼒随分⼦间距的增⼤⽽增⼤,C,首先分析选项A，分⼦间相互作 用⼒随分⼦间距的减⼩⽽增大自然是正确的。分析选项B，分⼦间相互作 用⼒随分⼦间距的增大脑外层电荷减少，库仑力减小，这个选项是错误的。分析选项C，分⼦间斥⼒随分⼦间距的减⼩⽽增大脑外层电荷减少，斥⼒减小，这个选项是错误的。分析选项D，分⼦间引⼒随分⼦间距的增大脑外层电荷增加，引力增大，这个选项是错误的。综上所述，正确答案是A。
82,教练员分析运动员百⽶赛跑的全程录象带，测得运动员在第1s内的位移是8m，前7s跑了63m，跑到终点共⽤了10s，则,运动员在百⽶终点冲刺速度为10m/s,运动员在全程内的平均速度是10m/s,运动员在第7s末的瞬时速度是9m/s,运动员在第1s末的瞬时速度是8m/s,B,C. 运动员在第7s末的瞬时速度是9m/s
83,我们知道：多数汽油机是由吸⽓、压缩、做功、排⽓四个冲程的不断循环来连续⼯作的。关于压缩冲程的作⽤，下列说法正确的是,将废⽓排出缸外,完成对外做功,压缩燃料和空⽓的混合物,吸进汽油和空⽓的混合物,C,C. 压缩燃料和空气的混合物。
84,观察者站在铁道旁，⼀辆以某⼀速度运动的⽕⻋向观察者迎⾯驶来，同时发出汽笛声，下⾯判断中正确的是,传向观察者的声波的速度越来越⼤,观察者感觉汽笛声的频率越来越⾼,传向观察者的声波的频率变低,传向观察者的声波的波⻓变短,D,A. 传向观察者的声波的速度越来越⾼
85,⼀束单⾊光斜射到厚平板玻璃的⼀个表⾯上，经两次折射后从玻璃板另⼀个表⾯射出，出射光线相对于⼊射光线侧移了⼀段距离。在下列情况下，出射光线侧移距离最⼤的是,紫光以45度的⼊射⻆⼊射,红光以45度的⼊射⻆⼊射,红光以30度的⼊射⻆⼊射,紫光以30度的⼊射⻆⼊射,A,入射光线与玻璃的夹角越大，折射角越小，出射光线与入射光线的夹角越小，则出射光线相对于入射光线侧移的距离越大。因此，入射光线以30度的角度入射时，出射光线相对于入射光线侧移的距离最大。答案是：D. 紫光以30度的角度入射时，出射光线相对于入射光线侧移了最长的一段距离。
86,下列各组物理量单位中，全属于国际单位制中基本单位的是,kg、T、N,kg、A、s,N、A、s,kg、V、m／s,B,B. kg、A、s
87,⼩球由地⾯竖直上抛，上升的最⼤⾼度为H，设所受阻⼒⼤⼩恒定，地⾯为零势能⾯。在上升⾄离地⾼度h处，⼩球的动能是势能的2倍，在下落⾄离⾼度h处，⼩球的势能是动能的2倍，则h等于,4H/9,2H/9,H/9,3H/9,A,题目中描述了小球在竖直上抛运动中，在不同高度处的动能和势能的关系。我们可以根据机械能守恒定律，分析出以下关系：1. 在上升至高度h处，小球的势能转化为动能： mgH = (1/2)mv^22. 在下落到高度h-x处，小球的势能转化为动能： mg(h-x) = (1/2)mv^2其中，m为小球的质量，v为小球的速度，x为下落的高度。根据题意，当小球上升至高度h/2处时，它的动能是势能的2倍： (1/2)mv^2 = 2(mg(h/2))解这个方程，我们得到： v^2 = 2gh当小球下落到高度h-x时，它的势能是动能的2倍：(1/2)mv^2 = 2(mg(h-x))解这个方程，我们得到： v^2 = 4mg(h-x)由于物体下落v^2 = 4mgx，所以可以得： mg(h-x) = 4mg(h/2 - x/2)解这个方程，我们得到： x = h/3所以，题目中给出的h与x的关系为： x = H/3.所以，答案是C. H/9。
88,伽利略的理想实验指出了,⼒是产⽣运动和维持物体运动的原因,⼀切物体都具有惯性,维持物体运动不需要⼒的作⽤,⼒是使物体产⽣加速度的原因,C,C. 维持物体运动不需要⼒的作 用。
89,弹簧振⼦的振动周期为0.4 s时，当振⼦从平衡位置开始向右运动，经1.26 s时振⼦做的是,振⼦正向右做减速运动,振⼦正向左做加速运动,振⼦正向右做加速运动,振⼦正向左做减速运动,A,C. 振⼦正向右做加速运动
90,通常司机都使⽤低速挡启动汽⻋，这样操作主要是为了,能在发动机输出功率不太⼤的情况下获得较⼤的驱动⼒,为了使汽⻋能很快获得速度,启动时⻋速慢⼀些⽐较安全,这是驾⻋操作规程规定的，不能违反,A,A. 能在发动机输出功率不太大的情况下获得较大的驱动力量。
91,⽤电热壶烧⽔时，⽔沸腾后，从壶嘴⾥冒出“⽩⽓”；夏天打开冰棒纸时，可以看到冰棒周围也出现“⽩⽓”。以下说法正确的是,这两种“⽩⽓”都是⽔蒸⽓液化形成的,在这两种“⽩⽓”形成的过程中，都需要吸收热量,壶嘴⾥冒出的“⽩⽓”是⽔沸腾时产⽣的⽔蒸⽓,冰棒周围的“⽩⽓”是冰棒发⽣升华形成的⽔蒸⽓,A,B. 在这两种“白气”形成的过程中，都需要吸收热量解释：选项A错误，因为第一种“白气”是水蒸气在壶嘴处遇到低温而凝结形成的，而非液态水蒸发形成。第二种“白气”是冰棒周围空气遇热膨胀形成的水蒸气，并非是水在冰棒周围蒸发形成。选项C错误，因为冒出的“白气”是水蒸气，并非是水。选项D错误，因为冰棒周围的“白气”是水蒸气，是冰棒升华过程中产生的。
92,太阳光中包含的某种紫外线的频率为f1，VCD影碟机中读取光盘数字信号的红⾊激光的频率为f2，⼈体透视使⽤的X光的频率为f3，则下列结论正确的是,红⾊激光是原⼦的外层电⼦受激发产⽣的,紫外线是原⼦的内层电⼦受激发产⽣的,这三种频率的⼤⼩关系是f1<f2<f3,X光是原⼦核受激发产⽣的,A,C. 这三种频率的 大小关系是f1<f2<f3. 解题过程如下:A选项错误，因为红色激光是通过激光发生器产生的，是分子激发产生的，不是原子外层电子受激发产生的。B选项错误，紫外线的频率比红光高，所以f1>f2，即f1>f2>f3。C选项正确，f1、f2、f3分别是太阳光中紫外线的频率，光盘机中红光激光的频率，和X射线中X光的频率，大小关系是f1<f2<f3。D选项错误，X光是由原子核受激发产生的，而不是原子核内层电子。
93,⼀艘轮船以速度15m/s匀速运动，它所受到的阻⼒为1.2×107N，发动机的实际功率是,1.8×10^5 kW,9.0×10^4 kW,8.0×10^4 kW,8.0×10^3 kW,A,首先，根据题意，轮船运动时所受到的阻力f=1.2×10^7N，速度v=15m/s，因为物体做匀速运动，所以它所受到的推进力F等于阻力f，即F=f=1.2×10^7N。轮船有推动力做功的功率，根据公式P=Fv，其中P为功率，F为推进力，v为速度。将已知量代入公式，可得：P=FvP=(1.2×10^7N)×(15m/s)P=1.8×10^5 kW所以，答案为A. 1.8×10^5 kW。
94,有两个共点⼒，⼤⼩分别是30 N和40 N. 如果它们之间的夹⻆是90°，那么这两个⼒合⼒的⼤⼩是,0,80N,110N,50N,D,C. 110N
95,下列关于质点的说法中，正确的是,体积很⼩的物体都可看成质点,不论物体的质量多⼤，只要物体的尺⼨对所研究的问题没有影响或影响可以不略不计，就可以看成质点,质量很⼩的物体都可看成质点,只有低速运动的物体才可看成质点，⾼速运动的物体不可看作质点,B,B. 不论物体的质量多大道的物体，只要物体的尺寸对所研究的问题没有影响或影响可以忽略不计，都可以看成质点。
96,A物体的质量是B物体质量的5倍，A从h⾼处、B从2h⾼处同时⾃由落下，在落地之前，以下说法正确的,各⾃下落1m时，它们速度不同,下落1s末，它们的速度相同,A加速度⼤于B加速度,下落过程中同⼀时刻A速度⼤于B速度,B,D. 下落过程中同名时刻A速度大于B速度。解题过程：A物体比B物体质量大5倍，它们从同一高度落下。由于它们同时开始下落，所以它们在落地前的加速度相同。因此，它们在同一时间内，A物体的速度将会大于B物体的速度。
97,亚⾥⼠多德对“⼒到底如何决定运动”这个问题的回答是：⼒决定物体的运动速度。他认为，要⻢⻋跑得更快，就要⽤更多的⻢去拉，或更强的⻢去拉。所以，⼒越⼤速度越⼤，⼒越⼩速度越⼩，没有⼒时，速度就为零（静⽌不动）。对亚⾥⼠多德的观点有以下⼏种看法，其中正确的是,亚⾥⼠多德的观点完全正确，⼒决定物体的运动速度,物体速度⼤⼩不是由⼒来决定，没有⼒物体照样运动,物体受到的⼒和物体的质量是决定物体速度⼤⼩的两个因素,没有⼒物体不会运动，但运动物体的速度⼤⼩不是由⼒来决定的,B,B. 物体速度大有小不是由力来决定，没有力物体也会运动。
98,下列⼏种表述中，涉及到的计时数据，指时间的是,2011年9⽉29⽇21时16分03秒，“天宫⼀号”在酒泉卫星发射中⼼发射升空,1997年7⽉1⽇零时中国对⾹港恢复⾏使主权,中央电视台新闻联播节⽬⽤时30分钟,北京奥运会开幕式于2008年8⽉8⽇晚8时开始,B,C. 中央电视台新闻联播节目时长30分钟D. 北京奥运会开幕式于2008年8月8日晚8时开始
99,质量10g、以0.70km/s⻜⾏的⼦弹与质量60kg、以10m/s奔跑的运动员相⽐,⼦弹的动能较⼤,⼆者的动能⼀样⼤,⽆法⽐较它们的动能,运动员的动能较⼤,D,A. 子弹的动能较大。
100,下列事例中属于静电应⽤的有,⻜机机轮⽤导电橡胶制成,织地毯时夹⼀些不锈钢丝,油罐⻋拖⼀条铁链,静电复印,D,D. 静电应用。
101,甲、⼄两个溜冰者质量分别为48 kg和50 kg，甲⼿⾥拿着质量为2 kg的球，两⼈均以2 m/s的速率在光滑的冰⾯上沿同⼀直线相向滑⾏，甲将球传给⼄，⼄再将球传给甲，这样抛接⼏次后，球⼜回到甲的⼿⾥，⼄的速度为零，则甲的速度的⼤⼩为,4m/s,0,2m/s,⽆法确定,B,A. 4m/s
102,将⼀段⻓L＝0.2m、通有电流I＝2.5A的直导线放⼊磁感应强度为B的磁场中，则关于其所受安培⼒F的说法正确的是,当F为最⼤值时，通电导线⼀定与B平⾏,若B＝4T，则F⼀定为2N,若B＝2T，则F可能为1N,若F＝0，则B也⼀定为零,C,正确答案是：C. 若B＝2T，则F可能为1N。解析：根据安培力公式F=B×I×L，其中B为磁场强度，I为电流，L为导线长度。当导线放置角度为最大时，F达到最大值，即F=B×I×L。若B=2T，I=2.5A，L=0.2m，则F=2N×0.2m=4N，所以选项A错误。若F为零，则根据安培力公式，有B×I×L=0，即B=0，选项D错误。若B=2T，则F为2N×0.2m=4N，所以选项C正确。
103,跳远时，跳在沙坑⾥⽐跳在⽔泥地上安全，这是由于,⼈跳在沙坑受到的冲⼒⽐跳在⽔泥地上的⼩,⼈跳在沙坑的动量⽐跳在⽔泥地上的⼩,⼈跳在沙坑受到的冲量⽐跳在⽔泥地上的⼩,⼈跳在沙坑的动量变化⽐跳在⽔泥地上的⼩,A,C.  人跳在沙坑受到的冲量比跳在泥地上的小。
104,“CCTV”焦点访谈节⽬报道，2007年5⽉24⽇，重庆市开县某⼩学的四⼗多名学⽣遭受雷击，造成重⼤伤亡事故。这⼀事件告诫我们，防雷⼗分重要，在野外遇到电闪雷呜时，应当,躲进⼩⼭洞,撑着钢柄⾬伞,躲在⼤树下,站在避雷针旁边,A,A. 躲进小山洞
105,处于激发状态的原⼦，如果在⼊射光的电磁场的影响下，引起⾼能态向低能态跃迁，同时两个状态之间的能量差以辐射光⼦的形式发射出去，这种辐射叫做受激辐射．原⼦发⽣受激辐射时发出的光⼦的频率、发射⽅向等，都跟⼊射光⼦完全⼀样，这样使光得到加强，这就是激光产⽣的机理．在受激辐射时，产⽣激光的原⼦的总能量En、系统的电势能Ep、电⼦的动能Ek的变化情况是,En增⼤、Ep增⼤、Ek增⼤,En减⼩、Ep增⼤、Ek减⼩,En不变、Ep减⼩、Ek增⼤,En减⼩、Ep减⼩、Ek增⼤,D,A. En减小、Ep增大大、Ek增大。
106,⻜机降落后还要在跑道上滑⾏⼀段距离，机舱内的乘客透过窗户看到跑道旁的树⽊以⼀定的速度向后退，乘客选择的参照系是,停在机场的⻜机,候机⼤楼,乘客乘坐的⻜机,⻜机跑道,C,C. 乘客乘坐的⻜机。
107,关于波速，下列说法正确的是,波速与波源的频率成正⽐,波速由介质和波源共同决定,反映了振动在介质中传播的快慢,反映了质点振动的快慢,C,C. 反映了振动在介质中传播的快慢。
108,有⼀电学元件，上⾯标有“35V 2200μF”字样，由此可知该电学元件是,电感器,电阻器,电容器,电源,C,C. 电容器
109,质量为m的钢球⾃⾼处落下，以速度v1碰地，碰后竖直向上弹回，弹回时的速度为v2，碰撞时间很短，则在碰撞过程中，地⾯对钢球的冲量的⽅向和⼤⼩是,向上，m(vl+v2),向上，m(v1-v2),向下，m(v1-v2),向下，m(vl+v2),B,碰撞过程中，地面对钢球的冲量的方向是向上，大小为 m(v1-v2)。
