0,一个做匀速直线运动的物体，突然受到一个与运动方向不在同一直线上的恒力作用时，那么物体的运动为,一定做曲线运动,可能做直线运动，也可能做曲线运动,继续做直线运动,运动的形式不能确定,A,D. 运动的形式不能确定。当物体受到一个与运动方向不在同一直线上的恒力作用时，根据牛顿第二定律，物体将受到一个加在物体上的力。物体原有的运动轨迹是由惯性决定的，因此物体的运动形式不能确定。
1,以下说法正确的选项是,把1Kg的物体匀速举高1m，举力做功为1J,力对物体不做功，说明物体没有位移,把重1N的物体匀速举高1m，克服重力做功为1J,力对物体做功越多，说明物体所受的力越大,C,C. 把重1N的物体匀速举高1m，克服重力做功为1J
2,关于电压与电动势的说法中正确的是,电动势是反映电源把其他形式的能转化为电能本领强弱的物理量,电动势公式中E=W/q中的W与电压U=W/q中的W是一样的，都是电场力做的功,电动势就是两板间的电压,电压与电动势的单位都是伏特，所以电压与电动势是同一个物理量的不同叫法,A,A. 电动势是反映电源把其他形式的能转化为电能本领强弱的物理量
3,产生感生电场的根源是：,均匀磁场,变化磁场,非均匀磁场,稳恒电场,B,B. 变化磁场
4,关于物体做曲线运动，下列说法正确的是：,物体做曲线运动时所受的合外力一定是变力,物体所受的合外力不为零时一定做曲线运动,物体在恒力的作用下不能做曲线运动,物体做曲线运动时所受的合外力一定不为零,D,D. 物体做曲线运动时所受的合外力一定不为零。
5,关于热量、温度、内能之间的关系，下列说法正确的是,物体温度升高，内能一定增加,物体温度升高，一定吸收了热量,物体温度不变，一定没有吸收热量,物体吸收热量，温度一走升高,A,D. 物体吸收热量，温度一定升高。
6,关于核能的获得，下列说法中正确的是,核电站是使核能转化为内能再通过汽轮发电机转化为电能的装置,目前，在核电站的反应堆中发生的是可控制的核聚变,当原子核内部发生变化时会释放岀巨大的能量，核裂变和核聚变是获得核能的两种方式,核反应堆是原子核裂变时，在极短时间内释放出大量核能的装置,A,C. 当原子核内部发生变化时会释放传出巨大的能量，核裂变和核聚变是获得核能的两种方式D. 核反应堆是原子核裂变时，在极短时间内释放出大量核能的装置
7,下列关于简谐振动的说法中，错误的是,简谐振动是振动的最基本形式,作简谐振动的物体，加速度和位移成反比,简谐振动的物体，所受合外力方向始终指向平衡位置,做简谐振动的物体，加速度方向与位移方向相反,B,A
8,宇航员在围绕地球做匀速圆周运动的航天飞机中，处于完全失重状态，那么以下说法中正确的选项是,宇航员不受重力作用,宇航员只受重力的作用,宇航员受到平衡力的作用,宇航员所受的重力产生向心加速度,D,C. 宇航员受到平衡力的作用解释：即使处于失重状态，宇航员仍然受到重力作用，但这个重力与其他力相互平衡，所以宇航员还受到支持力、磁场力、大气层阻力等作用。这些力之间存在平衡，所以宇航员处于平衡状态。
9,关于电动势E，下列说法中正确的是,电动势E的大小，与非静电力功W的大小成正比，与移送电荷量q的大小成反比,电动势E是表征电源把其他形式的能转化为电能本领的物理量,电动势E是由电源本身决定的，跟电源的体积和外电路均有关,电动势E的单位与电势、电势差的单位都是伏特，故三者本质上一样,B,B. 电动势E是表征电源把其他形式的能转化为电能本领的物理量。
10,下列关于重力的说法正确的是,在地球周围的物体都要受到重力作用，与其运动状态无关,对某一物体而言，重力的大小是一个恒量，不随物体的地理位置而改变,重力就是地球对物体的吸引力，重力的方向总是竖直向下,在地球表面各处的重力方向都是相同的,A,正确答案是 D. 在地球表面各处的重力方向都是相同的。
11,在一定时间间隔内，若质点系所受，则在该时间间隔内质点系的动量守恒。,内力矢量和始终为零,外力矩始终为零,外力矢量和始终为零,外力做功始终为零,C,C. 外力矢量和始终为零。
12,下面关于熵的说法错误的是,热力学第二定律的微观实质是熵是增加的,熵值越大，代表系统分子运动越无序,在孤立系统中，一个自发的过程熵总是向减少的方向进行,熵是物体内分子运动无序程度的量度,C,C. 在孤立系统中，一个自发的过程熵总是向减少的方向进行。
13,两相邻匀强磁场区域的磁感应强度大小不同、方向平行．一速度方向与磁感应强度方向垂直的带电粒子（不计重力），从较强磁场区域进入到较弱磁场区域后，粒子的,轨道半径增大，角速度减小,轨道半径减小，角速度增大,轨道半径增大，角速度增大,轨道半径减小，角速度减小,A,C. 轨道半径增大，角速度增大
14,沿直线运动的物体，其速度与时间成反比，则其加速度与速度的关系是,与速度成反比,与速度成正比,与速度平方成正比,与速度平方成反比,C,C. 与速度平方成正比
15,关于功率，下列说法中正确的是,功率是描述做功快慢的物理量，在国际单位制中，其单位是焦耳（J）,功率是描述做功多少的物理量，在国际单位制中，其单位是瓦特（W）,功率是描述做功快慢的物理量，在国际单位制中，其单位是瓦特（W）,功率是描述做功多少的物理量，在国际单位制中，其单位是焦耳（J）,C,C. 功率是描述做功快慢的物理量，在国际单位制中，其单位是瓦特（W）
16,下列关于分子的说法，正确的是,以上说法都不对,分子是组成物质的最小微粒,分子是物体不能再分的最小微粒,分子是组成物质的仍能保持其化学性质的最小微粒,D,D. 分子是组成物质的仍能保持其化学性质的最小微粒
17,在尺寸相同的铁环和铜环所包围的面积中穿过相同变化率的磁通量，则两环中,感应电动势相同，感应电流相同,感应电动势不同，感应电流相同,感应电动势不同，感应电流不同,感应电动势相同，感应电流不同,D,D. 感应电动势相同，感应电流不同。感应电动势E=BLv，其中E表示感应电动势，B表示磁场强度，L表示环的线性长度，v表示磁通量的变化率。由于题目中提到磁通量变化率相同，所以两个环中的感应电动势E1=B1Lv1=B2Lv2，因此感应电动势相同。而感应电流I=μ₀B²Lv，其中I表示感应电流，μ₀表示真空磁导率。可以看出，感应电流与环的材质有关，由电流公式可得，感应电流不同。
18,由法拉第电磁感应定律知（）（设回路的总电阻一定）,穿过闭合电路的磁通量为零时，回路中的感应电流一定为零；,穿过闭合电路的磁通量变化越快，回路中的感应电流越大。,穿过闭合电路的磁通量变化量越大，回路中的感应电流越大；,穿过闭合电路的磁通量达最大时，回路中的感应电流达最大；,B,题干中提到了法拉第电磁感应定律，根据定律，回路中的感应电流与穿过回路的磁通量变化量成正比，而与回路的电阻成反比。所以，正确答案是C. 穿过闭合电路的磁通量变化量越大，回路中的感应电流越大。
19,在下列所述实例中，若不计空气阻力，机械能守恒的是,石块自由下落的过程,电梯加速上升的过程,在竖直面内做匀速圆周运动的物体,木箱沿粗糙斜面匀速下滑的过程,A,A. 石块自由下落的过程
20,关于通电直导线在匀强磁场中所受的安培力，下列说法正确的是,安培力的方向总是垂直于磁场的方向,安培力的大小与通电直导线和磁场方向的夹角无关,安培力的方向可以不垂直于直导线,将直导线从中点折成直角，安培力的大小一定变为原来的一半,A,C. 安培力的方向可以不垂直于直导线。解题过程：安培力的计算公式为F = B * I * L * sinθ，其中B为磁场强度，I为电流，L为导线长度，θ为导线与磁场方向的夹角。由公式可知，安培力的方向总是与电流方向和磁场方向垂直。所以A和C错误。当直导线从中点折成直角时，θ变为60°，代入公式可得F = B * I * L * sin60° = B * I * L * √3/2，即安培力的大小变为原来的√3/2。所以正确答案是B。
21,下列说法中正确的是,物体受到弹力必然也会产生摩擦力,重心是物体的受力中心，物体只在重心位置上才受到重力作用,摩擦力的方向与物体间相对运动（或相对运动趋势）的方向相反,速度越大，滑动摩擦力越大,C,C. 摩擦力的方向与物体间相对运动的方向相反.
22,关于电势的高低，下列说法正确的是,正电荷在只受电场力作用下，一定向电势低的地方运动,负电荷在只受电场力的作用下，由静止释放，一定向电势高的地方运动,电势降低的方向一定是电场线的方向,沿电场线方向电势逐渐升高,B,D. 沿电场线方向电势逐渐升高
23,关于运动的合成和分解，以下说法正确的选项是,匀变速运动的轨迹可以是直线，也可以是曲线,分运动是直线运动，那么合运动必是直线运动,合运动的时间等于两个分运动的时间之和,曲线运动的加速度方向可能与速度在同一直线上,A,A. A. 匀变速运动的轨迹可以是直线，也可以是曲线
24,下列说法中正确的是,物体的温度升高，它的分子热运动一定加剧,温度高的物体一定比温度低的物体热量多,温度高的物体一定比温度低的物体内能大,物体的温度升高，一定是从外界吸收了热量,A,A. 物体的温度升高，它的分子热运动一定加剧
25,关于向心加速度，以下说法正确的选项是,它是描述线速度方向变化快慢的物理量,它是描述角速度变化快慢的物理量,它是描述角速度方向变化快慢的物理量,它是描述线速度大小变化快慢的物理量,A,C. 它是描述角速度方向变化快慢的物理量.
26,关于万有引力定律的适用范围，以下说法中正确的选项是,只适用于球形物体，不适用于其他形状的物体,只适用于质点，不适用于实际物体,适用于自然界中任意两个物体之间,只适用于天体，不适用于地面物体,C,C. 适用于自然界中任意两个物体之间解释：万有引力定律是牛顿提出的基本力定律之一，它指出两个质点之间总是存在引力相互作用，引力的大小与两者的质量成正比，与距离的平方成反比。因此，万有引力定律适用于自然界中任意两个物体之间，无论这些物体的大小、形状、状态如何。
27,下列关于惯性的说法中，正确的是,百米赛跑到终点时不能立即停下是由于惯性，停下时就没有惯性了,物体没有受外力作用时有惯性，受外力作用后惯性被克服了,物体的惯性与物体的运动状态及受力情况均无关,人走路时没有惯性，被绊倒时有惯性,C,C. 物体的惯性与物体的运动状态及受力情况均无关。
28,下列关于电磁现象的说法中，不正确的是,闭合电路的部分导体在磁场中运动时，一定产生感应电流,发电机工作时，将机械能转化为电能,玩具电动车的电动机是利用电磁感应现象工作的,通电导体在磁场中受力方向只与电流的方向有关,C,D
29,在下列说法中正确的是,物体不受外力作用时，一定保持静止状态,物体不受外力作用时，一定保持匀速直线运动状态,要物体运动必须有力的作用，没有力的作用的物体将静止,物体不受外力作用时，总保持原来的匀速直线运动状态或静止状态,D,D. 物体不受外力作用时，总保持原来的匀速直线运动状态或静止状态。
30,关于力的作用，下列说法正确的是,只有当两个物体直接接触时，相互间才会发生力的作用,甲用力把乙推倒，说明只有甲对乙有力的作用，乙对甲没有力的作用,只有有生命或有动力的物体才会施力，无生命无动力的物体只会受力，不会施力,力是不能离开施力物体和受力物体而独立存在的,D,D. 力是不能离开施力物体和受力物体而独立存在的
31,下列哪一种说法是正确的,法向加速度越大，质点运动的法向速度变化越快,运动物体加速度越大，速度越快,作直线运动的物体，加速度越来越小，速度也越来越小,切向加速度为正值时，质点运动加快,D,正确答案是D。切向加速度为正值时，质点运动加快。
32,关于卢瑟福提岀的原子结构的核式模型，下列说法中错误的是,原子核位于原子中心，核外电子绕原子核高速旋转,原子的质量几乎集中在原子核内,原子由原子核和电子组成,原子由质子和中子组成,D,D
33,下列关于功和能的说法正确的是,功就是能，能就是功,物体做功越多，物体的能就越大,外力对物体不做功，这个物体就没有能量,能量转化的多少可用功来量度,D,D. 能量转化的多少可用功来量度。
34,正在运动的物体，若它所受的外力都同时消失，则物体将,逐渐慢下来，最后停下来,做匀速直线运动,运动方向或快慢将改变,立即停下来,B,"B. 做匀速直线运动。解析：牛顿第一定律，也称为惯性定律， states ""物体静止，除非有个力改变其静止状态；物体运动，反应的是加给物体力的作用，不是物体运动的状态，否则就是错误的""。所以当所有外力都消失，物体将保持原来的运动状态，即匀速直线运动。"
35,关于平抛物体的运动，以下说法中正确的选项是,物体落地时的水平位移与初速度无关,物体落地时的水平位移与抛出点的高度无关,初速度越大，物体在空中运动的时间越长,可以看成水平方向的匀速运动和竖直方向的自由落体运动的合运动,D,D. 可以看成水平方向的匀速运动和竖直方向的自由落体运动的合运动。
36,下列关于功率的说法中，正确的是,物体做功越多，功率越大,物体做功时间越短，功率越大,物体做功越快，功率越大,物体做功时间越长，功率越大,C,C. 物体做功越快，功率越大
37,有关四冲程内燃机的叙述中，不正确的是,工作开始时要靠外力启动,工作中压缩冲程是把内能转化为机械能,每一个工作循环，燃气只做功一次,工作中只有做功冲程把内能转化为机械能,B,A
38,物质的状态改变时体积发生改变，有关说法不正确的是,固体物质具有一走的形状和体积，是因为构成它们的粒子间有强大的作用力,主要是由于构成物质的分子在排列上发生变化,液态物质的分子间的作用力较固体分子间的作用力大,气态物质的分子的间距很大，分子间作用力极小，容易被压缩,C,A
39,我国近期在海底发现了一种俗称“可燃冰”的冰块状天然气水合物”能源总量可达全国石油总量的_半，燃烧1t“可燃冰”释放岀的能量与164t天然气相当，由此可判断“可燃冰”,只有燃烧时才具有内能,具有较高的化学能,没有燃烧时只具有化学能,具有较高的内能,B,B
40,下列关于电源的说法中正确的是,只要是带电体，就可以作为电源,电源是提供持续电流的装置,只要能供电的装置就是电源,电源是把化学能转化为电能的装置,B,D. 电源是把化学能转化为电能的装置
41,下列运动中，属于简谐振动的是,单摆的摆动,斜抛运动,平抛运动,地震,A,A. 单摆的摆动
42,关于物体的内能、温度和分子的平均动能，下列说法正确的是,外界对物体做功，物体的内能一定增加,温度低的物体内能一定小,物体放热，物体的内能一定减小,温度低的物体分子运动的平均动能一定小,D,D. 温度低的物体分子运动的平均动能一定小。内能是一个系统函数，不仅与物体的温度有关，还与物体所处的状态有关。外界对物体做功时，物体的内能可能增加、减少或保持不变。温度是分子平均动能的象征，温度高的物体分子平均动能大，温度低的物体分子平均动能小。一个物体温度低并不一定意味着其内能小。
43,关于材料的电阻率，下列说法中正确的是,材料的电阻率随温度的升高而增大,电阻率是反映材料导电性能好坏的物理量，电阻率越大的导体对电流的阻碍作用越大,把一根长导线截成等长的三段，则每段的电阻率都是原来的1/3,纯金属的电阻率较合金的电阻率小,D,A. 材料的电阻率随温度的升高而增大
44,关于密度的概念下列说法正确的是,把一铁块压成铁片，它们的密度就小了,同一种物质它的密度跟其质量成正比，跟其体积成反比,质量相等的两种物质，密度大的体积也大,一种固体和一种液体，它们的质量相等，体积相等，则它们的密度也相等,D,D
45,下列说法正确的是,235U的半衰期约为7亿年，随地球环境的变化，半衰期可能变短,原子核内部某个质子转变为中子时，放出β射线,在α、β、γ这三种射线中，γ射线的穿透能力最强，α射线的电离能力最弱,电子的衍射现象说明实物粒子具有波动性,D,C. 在α、β、γ这三种射线中，γ射线的穿透能力最强，α射线的电离能力最弱。D. 电子的衍射现象说明实物粒子具有波动性。
46,同步卫星是指相对于地面不动的人造卫星。关于同步卫星，下列说法正确的是,不同的同步卫星加速度也不相同,它只能在赤道的正上方，且离地心的距离是一定的,它的轨道根据需要可以是圆轨道，也可能是椭圆轨道,它可以在地面上任一点的正上方，且离地心的距离可按需要选择不同的值,B,正确的选项是B. 它只能在赤道的正上方，且离地心的距离是一定的。解析：同步卫星是指绕地球运行周期与地球自转周期相同的一类人造卫星。根据开普勒第三定律，它只能在赤道的正上方，且离地心的距离是固定的。而不同的同步卫星加速度是相同的，都等于7986m/s²。它的轨道是圆形或椭圆形，根据地球发射卫星的需要来选择。所以A、C、D选项都是错误的。
47,下列说法正确的是,匀速圆周运动是一种匀变速曲线运动,做匀速圆周运动的物体线速度不变,匀速圆周运动向心加速度方向不断变化,做圆周运动的物体，如果角速度很大，其线速度一定大,C,圆周运动的速度恒定，是一种匀速曲线运动，所以选项A和B是正确的。在匀速圆周运动中，向心加速度的大小恒定，但方向不变，只改变方向不再大小变化，所以选项C是错误的。做圆周运动的物体，如果角速度很大，其线速度一定大，因为v=ωr，其中ω表示角速度，r表示半径，当ω大时，r不变，所以v代入值大。所以选项D是正确的。综上所述，正确答案是：A、B、D。
48,在高台上分别沿45°仰角方向和水平方向，以同样速率投出两颗小石子，忽略空气阻力，则它们落地时速度,大小相同，方向相同．,大小相同，方向不同．,大小不同，方向相同．,大小不同，方向不同．,D,A. 大小相同，方向相同．
49,以下说法正确的选项是,地球同步通讯卫星的轨道可以是圆的也可以是椭圆的,第一宇宙速度大小是11.2㎞/s,如果需要，地球同步通讯卫星可以定点在地球上空的任何一点,第一宇宙速度是人造卫星在地面附近绕地球做匀速圆周运动所必须具有的速度,D,D. 第一宇宙速度是人造卫星在地面附近绕地球做匀速圆周运动所必须具有的速度。
50,关于力矩有以下几种说法（1）内力矩不会改变刚体对某个定轴的角动量（2）作用力和反作用力对同一轴的力矩之和为零（3）大小相同方向相反两个力对同一轴的力矩之和一定为零（4）质量相等，形状和大小不同的刚体，在相同力矩作用下，它们的角加速度一定相等。在上述说法中,（1）（2）（3）是正确的,只有（2）是正确的,（1）（2）是正确的,（3）（4）是正确的,C,C. （1）（2）是正确的。
51,在下列关于机械波的表述中，不正确的是,波的振幅、频率、相位与波源相同,在波的传播方向上，相位差为2的两质元之间的距离称为波长,振动状态在介质中传播时，波线上各质元均可视为新的子波波源,机械波实际上就是在波的传播方向上，介质中各质元的集体受迫振动,A,A
52,在杨氏双缝干涉实验中，如果缩短双缝间的距离，下列陈述正确的是,相邻明（暗）纹间距增大,相邻明（暗）间距离减小,不能确定相邻明（暗）纹间距的变化情况,相邻明（暗）纹间距不变,A,A. 相邻明（暗）纹间距增大
53,下列关于核能的说法正确的是,到目前为止，人类获得核能有两种途径”即重核裂变和轻核聚变,物质是由原子构成的，原子中有原子核，所以利用任I可物质都能得到核能,原子弹和氢弹都是利用原子核裂变和聚变的原理制成的,自然界只有在人为的条件下才会发生裂变,C,A. 到目前为止，人类获得核能有两种途径即重核裂变和轻核聚变。
54,关于磁场，下列说法中错误的是,磁铁周围的磁感线都是从磁铁北极岀来，回到磁铁的南极,处在磁场中某点的小磁针静止时南极的指向就是该点磁场的方向,小磁针接近磁体时会发生偏转，说明磁体周围空间存在着磁场,奥斯特实验说明通电导体周围存在着磁场,B,A
55,下列关于力的说法，不正确的是,一个受力物体，同时也一定是施力物体,力是物体对物体的作用,在空中下落的物体不受力的作用,力可以改变物体的运动状态,C,C. 在空中下落的物体不受力的作用
56,下列说法中哪个或哪些是正确的（1）作用在定轴转动刚体上的力越大，刚体转动的角加速度应越大。（2）作用在定轴转动刚体上的合力矩越大，刚体转动的角速度越大（3）作用在定轴转动刚体上的合力矩为零，刚体转动的角速度为零（4）作用在定轴转动刚体上合力矩越大，刚体转动的角加速度越大（5）作用在定轴转动刚体上的合力矩为零，刚体转动的角加速度为零。,（1）和（2）是正确的,（3）和（4）是正确的,（2）和（3）是正确的,（4）和（5）是正确的,D,C. （2）和（3）是正确的。作用在定轴转动刚体上的力越大，刚体转动的角加速度也越大，所以（1）错误。作用在定轴转动刚体上的合力矩越大，刚体转动的角速度越大，所以（2）正确。作用在定轴转动刚体上的合力矩为零，刚体转动的角速度为零，所以（3）正确。作用在定轴转动刚体上的合力矩越大，刚体转动的角加速度越大，这个说法是错误的，因为合力矩为零时，刚体转动的角加速度为零，所以（4）错误。作用在定轴转动刚体上的合力矩为零，刚体转动的角加速度为零，所以（5）正确。综上所述，正确答案是C. （2）和（3）是正确的。
57,简谐振动的一个振动周期内,以上都不对,振动位移不相同,振动相位不相同,振动速度不相同,B,C. 振动相位不相同
58,下列几种情况中，属于滚动摩擦力的有,用卷笔刀削铅笔，刀口与铅笔之间的摩擦,用圆珠笔写字时，滚珠与纸之间的摩擦,用砂轮盘磨刀，砂轮与刀口之间的摩擦,小孩从滑梯上滑下，小孩与滑梯之间的摩擦,B,B. 用圆珠笔写字时，滚珠与纸之间的摩擦。
59,关于做功，下列叙述中正确的是,小球在水平面上滚动，重力做了功,重物竖直下落，重力做了功,举重运动员举着杠铃不动，举力做了功,起重机吊着货物沿水平方向匀速移动了一段距离，向上的拉力做了功,B,B. 重物竖直下落，重力做了功解释：做功的定义是物体在力的作用下，通过一定的距离后，物体产生位移。在这个问题中，重物从静止状态开始竖直下落，由于距离和加速度乘积为正，所以重力做了功。
60,可以认为，地球是一个匀角速转动的非惯性系，因此，通常所说的物体的重力实际上是地球引力和地球自转引起的惯性离心力的合力，由此可见，重力和地球的引力两者无论大小，方向都不相同，那么两者大小相差最多的，应该是,在南北极,在纬度60°处,在纬度45°处,在赤道上,D,D. 在赤道上重力加速度的大小与引力常数和地球半径的平方成反比，而与纬度无关。在赤道上，地球半径的平方最小，重力加速度最小，因此重力最弱，重力与地球引力之间的差距最大。
61,用锤压钉不易将钉压入木块内，用锤击钉则很容易将钉击入木块，这是因为,前者动量守恒，后者动量不守恒,后者动量变化率大，给钉的作用冲力就大,前者遇到的阻力大，后者遇到的阻力小,后者动量变化大，给钉的作用力就大,B,D. 后者动量变化大，给钉的作用力就大。解析：用锤击钉与用锤压钉过程中，系统的动量变化情况不同，所以导致了它们对钉的作用力不同。用锤击钉时，由于动量变化大，给钉的作用力就大，使其很容易将钉击入木块内。
62,在太空中，两颗靠得很近的星球可以组成双星，他们只在相互间的万有引力作用下，绕球心连线上的某点做周期相同的匀速圆周运动。则下列说法不正确的是:,两颗星有相同的角速度,两颗星的旋转半径与质量成反比,两颗星的线速度与质量成正比,两颗星的加速度与质量成反比,C,C. 两颗星的线速度与质量成正比。
63,关于功和能，以下说法中不正确的选项是,功就是能，能就是功,如果一个物体能够对外做功，我们就说这个物体具有能量,功是能量转化的量度,做功的过程总伴随着能量的改变，做了多少功，能量就改变多少,A,A. 功就是能，能就是功
64,下列关于电场和磁场的说法中正确的是,在磁场中磁感应强度不为零处的通电导线一定受到磁场力的作用,电场中存在电场线，电场线从负电荷出发，终止于正电荷,在电场中电场强度不为零处的电荷一定受到电场力的作用,磁场中存在磁感线，磁感线从磁体的N极出发，终止于S极,C,C. 在电场中电场强度不为零处的电荷一定受到电场力的作用。
65,关于弹力，下列说法错误的是,相互接触的物体间不一定产生弹力,压力、支持力、拉力都属于弹力,弹力仅仅是指弹簧形变时对其他物体的作用,弹力是指发生弹性形变的物体，由于要恢复原状，对接触它的物体产生的力,C,A. 相互接触的物体间不一定产生弹力C. 弹力仅仅是指弹簧形变时对其他物体的作用正确答案是 A 和 C。弹力是指发生弹性形变的物体，由于要恢复原状，对接触它的物体产生的力。相互接触的物体间如果产生形变，那么就产生弹力，弹力是指物体在弹性形变时对其他物体产生的力。
66,关于动能、机械能，下列说法中错误的是,在平直公路上行驶的汽车，速度变化时它的机械能也变化,两辆汽车以相同的速度行驶时，质量大的动能大,一辆汽车具有动能，它一定具有机械能,某汽车的机械能增加了，它的运动速度一定是加大了,D,D
67,关于功是否为矢量，以下说法正确的选项是,力和位移都是矢量，功也一定是矢量,因为功有正功和负功，所以功是矢量,力是矢量，功也是矢量,因为功没有方向性，所以功是标量,D,选项D。 因为功没有方向性，所以功是标量。
68,关于摩擦力，下列说法正确的是,相互紧压的粗糙物体之间有相对滑动时，才受滑动摩擦力,相互压紧的粗糙物体间一定存在摩擦力,运动的物体一定受到滑动摩擦力,静止的物体一定受到静摩擦力,A,B. 相互压紧的粗糙物体间一定存在摩擦力
69,关于电容器的电容，下列说法正确的是,电容器不带电时，其电容为零,电容器带电荷量越多，其电容越大,电容器的电容只由它本身的性质决定,电容器两极板间电压越低，其电容越小,C,C. 电容器的电容只由它本身的性质决定.
70,对于欧姆定律的理解，下列说法中错误的是,对一定的导体，它两端的电压与通过它的电流强度的比值保持不变,由R=U/I，导体的电阻跟它两端的电压成正比，跟通过它的电流强度成反比,由U=IR，对一定的导体，通过它的电流强度越大，它两端的电压也越大,由I=U/R，通过电阻的电流强度跟它两端的电压成正比，跟它的电阻成反比,B,A. 对一定的导体，它两端的电压与通过它的电流强度的比值保持不变正确答案是：B. 由R=U/I，导体的电阻跟它两端的电压成正比，跟通过它的电流强度成反比解析：欧姆定律定律表示的是电流与电压、电阻之间的关系，其中电流I=U/R，电阻R=U/I，所以导体的电阻跟它两端的电压成正比，跟通过它的电流强度成反比，选项A错误，选项B正确。
71,一个人乘电梯从1楼到18楼，在此过程中经历了先加速，后匀速，再减速的运动过程，那么电梯支持力对人做功情况是,加速时做正功，匀速和减速时做负功,加速和匀速时做正功，减速时做负功,始终做正功,加速时做正功，匀速时不做功，减速时做负功,C,D. 加速时做正功，匀速时不做功，减速时做负功
72,关于磁感应强度，下列说法正确的是,磁感应强度是描述磁场强弱和方向的物理量,磁感应强度沿磁感线方向逐渐减小,磁感应强度的方向就是正电荷在该处的受力方向,磁感应强度的方向就是通电导线在磁场中受力的方向,A,A. 磁感应强度是描述磁场强弱和方向的物理量
73,关于电功，下列说法中正确的是,电功就是电热，两个量是一回事,电流通过电动机时的电功率和热功率相等,电场力做功使金属导体内的自由电子运动的速率越来越大,电功的实质是电场力所做的功,D,D. 电功的实质是电场力所做的功
74,关于导体的电阻，下列说法中正确的是,铜导线的电阻一定比铁导线的电阻小,长导线的电阻一定比短导线的电阻大,导体的电阻的大小是由它的材料、长度、横截面积和温度决定的,粗导线的电阻一定比细导线的电阻大,C,C. 导体的电阻的大小是由它的材料、长度、横截面积和温度决定的。
75,下列关于物体内能的说法中正确的是,物体运动速度越大，内能越大,温度高的物体一定比温度低的物体内能大,静止的物体没有动能，但有内能,内能和温度有关，所以0°C的水没有内能,B,C. 静止的物体没有动能，但有内能解释：内能是物体内部所有分子热运动 contribution 的总和，与物体的温度和物体的状态有关。静止的物体没有动能，但仍然有分子内部的热运动，因此具有内能。物体的运动速度和内能没有直接关系。温度高的物体和温度低的物体，其内能的大小主要取决于它们的温度和物体的状态。0°C的水也有内能，因为水分子内部仍在做热运动。
76,类比是一种有效的学习方法，通过归类和比较，有助于理解和掌握新概念、新知识．下列类比不正确的是,电磁波可以与机械波类比，都可以发生干涉、衍射现象,点电荷可以与质点类比，都是理想化模型,电场力做功可以与重力做功类比，两种力做功都与路径无关,电场线可以与磁感线类比，都是用假想的曲线形象化地描绘“场”的客观存在,A,A
77,关于能源的利用和节能，下列说法正确的是,由于能量不会消灭，也不会创生，总是守恒的，所以节约能源意义不大,在能源的利用中，总会有一部分能源未被利用而损失掉,根据能量的守恒定律，能源的利用率应该是100%,节约能源只要提高节能意识就行‘与科技进步无关,B,B. 在能源的利用中，总会有一部分能源未被利用而损失掉。
78,有两个同样的木块，从同高度自由下落，在下落中，其中一木块被水平飞来的子弹击中，并使子弹陷于其中，子弹的质量不能忽略，不计空气阻力，则,条件不足，无法确定,被击木块后到达地面,被击木块先到达地面,两木块同时到达地面,B,D. 两木块同时到达地面。解题过程：由于两个木块起始位置相同，且木块被水平飞来的子弹击中并使其质量增加，但增加的质量较小，因此两个木块的质量相等。由牛顿第二定律，F = m * a，两个木块受到的力相同。又由于作用力相等，作用时间相等，所以两个木块的加速度也相等。所以两个木块的加速度相等，因此两个木块同时到达地面。
79,在匀速圆周运动中，保持不变的物理量是,向心力,加速度,线速度,周期,D,D. 周期。在匀速圆周运动中，保持不变的物理量是周期。因为匀速圆周运动的加速度为零，向心力为零，线速度大小不变，周期不变。
80,由两个不同光源发出的两束白光，在叠加区域中不会产生干涉现象，这是因为,这两个光源是相互独立且不相干的光源,白光是由很多不同波长的光组成的,两个不同光源发出的光不能有相同的频率,两个光源发射的光的强度不同,A,A. 这两个光源是相互独立且不相干的光源
81,以下说法中正确的选项是,选择不同的参考平面，物体的重力势能变化量是不同的,重力势能为负值的物体，肯定比重力势能为正值的物体做功要少,物体克服重力做功，物体的重力势能增加,重力对物体做正功，物体的重力势能增加,C,C. 物体克服重力做功，物体的重力势能增加D. 重力对物体做正功，物体的重力势能增加
82,“蹦极”运动中，长弹性绳的一端固定，另一端绑在人身上，人从几十米高处跳下，将蹦极过程简化为人沿竖直方向的运动，从绳恰好伸直，到人第一次下降至最低点的过程中，下列分析正确的是,人在最低点时，绳对人的拉力等于人所受的重力,绳对人的冲量始终向上，人的动量先增大后减小,绳对人的拉力始终做负功，人的动能一直减小,绳恰好伸直时，绳的弹性势能为零，人的动能最大,B,A. 人在最低点时，绳对人的拉力等于人所受的重力
83,下列关于浮力的说法正确的是,浸在液体里的物体受到的浮力总等于物体排开水的重力,物体浸没在水中越深，所受到的浮力越大,铁块在水中下沉，表明铁块在水中不受到浮力的作用,地面上的铅球也受到浮力的作用,D,A. 浸在液体里的物体受到的浮力总等于物体排开水的重力。
84,关于动能的概念，以下说法正确的选项是,物体所受合外力做的功越多，动能改变量就越大,速度越大的物体动能就越大,物体受到的合外力越大，动能就越大,动能越大的物体速度就越大,A,B. 速度越大的物体动能就越大
85,于电流方向，下列说法中正确的是,金属导体中，自由电子移动的方向，就是电流方向,正电荷移动的方向，规定为电流方向,人们把负电荷运动的方向，规定为电流方向,电荷运动的方向，叫做电流方向,B,D. 电荷运动的方向，叫做电流方向
86,均匀磁场中放置三个面积相等并且通有相同电流的线圈，一个是圆形，一个是正方形，一个是三角形，下列哪个叙述是错误的？,每个线圈在均匀磁场中只转动而不移动,每个线圈所受的最大磁力矩都相同,三个线圈处于图示的位置时所受磁力矩均为零,三个线圈处于图示的位置时所受磁力矩最大,C,A. 每个线圈在均匀磁场中只转动而不移动错误。根据安培力定律，线圈所受的磁力会改变线圈的运动状态，即使线圈转动，也不一定只转动而不移动。磁力矩的大小与线圈的面积、磁场的强度和线圈中的电流有关，并不代表线圈所受的磁力一定相同。
87,关于电阻的概念，下列说法中正确的是,导体的电阻跟它两端的电压成正比，跟其中电流强度成反比，等于它们的比值,如果一个导体对电流阻碍作用越大，则它的电阻就越大，流经它的电流就越小,上匕较导体电阻的大小，必须在相同电压下看电流大小，电流越大的电阻越大,如果一个导体对电流阻碍作用越大，则它的电阻就越大，一定电压下流经它的电流就越小,D,A. 导体的电阻跟它两端的电压成正比，跟其中电流强度成反比，等于它们的比值B. 如果一个导体对电流阻碍作用越大，则它的电阻就越大，流经它的电流就越小。
88,在下列说法中正确的是,压力越大，压强一定越大,受力面积越小，压强一定越大,压力不变，受力面积越大，压强一定越小,受力面积不变，物体的重力越大，压强一定越大,C,"C. 压力不变, 受力面积越大, 压强一定越小。解析: 压强是指单位面积上所受压力的大小, 压力等于重力除以受力面积, 因此受力面积越大, 单位面积上所受压力越小, 压强就越小。其他选项的说法都是错误的。"
89,下列说法中哪一个是正确的？,合力一定大于分力,质量越大的物体，运动状态越不易改变,物体速率不变，所受合外力为零,速率很大的物体，运动状态不易改变,B,C. 物体速率不变，所受合外力为零这个选项是正确的。根据牛顿第一定律，如果一个物体所受的外力之和为零，那么这个物体将保持原来的运动状态，即静止的物体将保持静止，运动的物体将保持运动状态不变。
90,关于分子间作用力，下列说法中正确是,当分子间距离为r0时，它们之间既没有斥力也没有引力,分子间的引力和斥力都随分子间距离的增大而减小,分子间的距离大于r0时，分子间只有引力,分子间的平衡距离r0与分子直径是同一数值,B,正确答案是B。解析：A选项错误，因为分子间存在引力和斥力，即使在r0时也存在；B选项正确，分子间的引力和斥力都随分子间距离的增大而减小；C选项错误，分子间的距离大于r0时，分子间只有引力，但斥力不变；D选项错误，分子间的平衡距离r0与分子直径不是同一数值，r0小于分子直径。
91,下列关于能源的说法正确的是,天然气是一种清洁的能源，人类可以无尽地开发利用,水能和风能可以从自然界里得到，是可再生能源,煤、石油是当今人类利用的主要能源，它们是可再生能源,如果大量利用太阳能，可能使太阳能在短期内消耗殆尽,B,B. 水能和风能可以从自然界里得到，是可再生能源。
92,简谐振动的能量，下列说法中正确的是,简谐振动的动能守恒,简谐振动角动量守恒,简谐振动的机械能守恒,简谐振动的势能守恒,C,C. 简谐振动的机械能守恒。解析：在简谐振动中，物体只有动能和势能两种能量，且机械能守恒。由于弹簧振动周期性，物体做简谐振动的机械能也周期性变化，但机械能总量不变。所以选C。
93,一定质量的理想气体贮存在容积固定的容器内，现使气体的压强增大为原来的两倍，那么,内能变为原来的两倍，温度变为原来的四倍,内能变为原来的四倍，温度变为原来的两倍,内能和温度都不变,内能和温度都变为原来的两倍,D,D. 内能和温度都变为原来的两倍。根据热力学第一定律，气体做等温膨胀时，内能减小，而做等压膨胀时，内能增大。所以在气体压强增大为原来的两倍时，气体的内能和温度都会变为原来的两倍。
94,关于地球的近地卫星和赤道上的物体，以下说法中正确的选项是,近地卫星可以在通过保定地理纬度圈所决定的平面上做匀速圆周运动,近地卫星和赤道上的物体均处于完全失重状态,近地卫星比赤道上的物体加速度大,近地卫星和赤道上的物体，因轨道相同故线速度大小相等,C,A. 近地卫星可以在通过保定地理纬度圈所决定的平面上做匀速圆周运动
95,关于点电荷、元电荷、检验电荷，下列说法正确的是,元电荷实际上是指电子和质子本身,点电荷所带电荷量一定是元电荷电荷量的整数倍,点电荷、元电荷、检验电荷是同一种物理模型,点电荷所带电荷量一定很小,B,D. 点电荷所带电荷量一定很小
96,下列说法中正确的是,电压一定会使导体中的电子不断移动,导体两端有电压是因为导体中有持续的电流,电路中有电流，电路两端一定有电压,电路中只要有电压，就会有电流,C,C. 电路中有电流，电路两端一定有电压解析：根据欧姆定律，电流的大小与电压、电阻成正比，与电阻成反比。所以，电路中有电流，意味着电路两端电压不为零，选项C正确。选项A错误，因为电压是电子运动的基本动力，只有在电场存在时，才能使导体中的电子发生移动。选项B错误，即使有电压，若没有电流的导电介质和电路闭合的条件下，导体两端也不一定有电压。选项D错误，只有当电路闭合且有电压时，电路中才有电流。
97,下列说法正确的是,处于完全失重状态下的物体不受重力作用,物体受摩擦力时一定受弹力，而且这两个力的方向一定相互垂直,合力必大于分力,运动物体所受摩擦力的方向一定和它运动方向相反,B,D. 运动物体所受摩擦力的方向一定和它运动方向相反。
98,关于物体的内能，下列说法正确的是,物体运动得越快，内能越大,物体举得越高，内能越大,物体温度越高，内能越大,物体运动得越快，举得越高，内能越大,C,C. 物体温度越高，内能越大
99,关于物体的内能，下列说法中正确的是,热传递是改变物体内能惟一的方法,同一物体温度升高，它的内能一定增加,温度为0°C的物体没有内能,温度相等的一杯水和一桶水的内能相同,B,B. 同一物体温度升高，它的内能一定增加
100,下列说法中不正确的是,力对物体做正功还是做负功，取决于力和位移的方向关系,功是矢量，正、负表示方向,功是标量，正、负表示外力对物体做功还是物体克服外力做功,力做功总是在某过程中完成的，所以功是一个过程量,B,A
101,关于平抛运动，不正确的叙述是,平抛运动速度方向与恒力方向之间夹角不变,平抛运动速度大小时刻改变,平抛运动速度方向与加速度方向之间夹角越来越小,平抛运动是一种在恒力作用下的曲线运动,A,A. 平抛运动速度方向与恒力方向之间夹角不变解析：平抛运动是指物体在水平方向上受到力后，离开原点，并在水平方向上呈抛物线运动。在平抛运动中，物体的速度方向与加速度方向之间夹角不变，总是沿着水平方向。故选项A错误。其他选项正确：B. 平抛运动速度大小时刻改变：平抛运动物体速度的变化只与初始时间有关，与时间本身无关，速度大小不会改变。C. 平抛运动速度方向与加速度方向之间夹角越来越小：在平抛运动过程中，物体的速度方向与加速度方向之间夹角保持不变，始终为90度。D. 平抛运动是一种在恒力作用下的曲线运动：平抛运动物体仅受到重力作用，是恒力作用下的曲线运动。
102,下列关于电磁波的说法不正确的是,电磁波不能在真空中传播,微波炉是利用电磁波来加热食品的,无线电广播信号是靠电磁波传播的,导线中电流的迅速变化会在空间激起电磁波,A,A
103,水平桌面上，物体在水平力F作用下向右运动，当它离开桌面时，假如所受的一切外力同时消失，那么它将,沿水平方向向右作匀速直线运动,作曲线运动,无法确定运动情况,沿竖直方向下落,A,A. 沿水平方向向右作匀速直线运动
104,关于电磁铁，下列说法中正确的是,通过电磁铁的电流方向改变，其磁性强弱也随之改变,相同形状的电磁铁的磁性强弱跟线圈匝数无关,电磁铁的磁性强弱跟通过它的电流强弱无关,在同一个电磁铁中加铜芯时比加铁芯时的磁性弱,D,正确答案是：C. 电磁铁的磁性强弱跟通过它的电流强弱无关。
105,牛顿环实验装置是用一平凸透镜置于一平板玻璃上。今以平行单色光从上向下垂直入射，并从上向下观察，看到有许多明暗相间的同心圆环，这些圆环的特点为,接触点是明的，同心圆环是等距离的,接触点是暗的，同心圆环是不等距离的,接触点是暗的，同心圆环是等距离的,接触点是明的，同心圆环是不等距离的,B,C. 接触点是暗的，同心圆环是等距离的。解析：牛顿环是一种光学实验，当一束光线从空气中垂直射入一块透明玻璃表面时，由于光线的折射，会在玻璃表面形成许多明暗相间的同心圆环。这些圆环的产生是因为光线在玻璃表面发生了反射和折射。接触点，即光线从空气中射入玻璃表面的地方，是暗的，而同心圆环的距离是等距离的，这是由于圆环的形成是由于光线在玻璃表面发生了反射和折射，而且这种现象具有规律性，所以圆环的各点距离相等。
106,如图所示湖中有一小船，有人用绳绕过岸上一定高度处的定滑轮拉湖上的船向岸边运动，设该人以匀速率v0收绳，绳长不变，湖水静止，则小船的运动是,匀加速运动,匀减速运动,变加速运动,变减速运动,C,A
107,关于公式R3/T2=k，以下说法中正确的选项是,公式只适用于围绕太阳运行的行星,以上说法均错误,不同星球的行星或卫星，k值均相等,围绕同一星球运行的行星或卫星，k值是相同的,D,D
108,在匀速圆周运动中，发生变化的物理量是,角速度,转速,周期,线速度,D,A. 角速度
109,在以下矢量场中，属保守力场的是：,变化磁场。,静电场,感生电场,稳恒磁场,B,D. 稳恒磁场。保守力场是指物理量（如动量、能量等）沿着矢量场中线导出的场，其大小与初始速度成正比，且磁场是恒定的，不随时间改变。稳恒磁场是指磁感应强度不随时间改变的磁场，符合保守力场的定义。
110,下列说法中错误的是,镜面反射和漫反射都遵循光的反射定律,折射角、反射角和入射角三者有时相等,照相机是利用凸透镜能成缩小实像的原理制成的,由光的折射规律可知，折射角总小于入射角,D,B
111,人造地球卫星绕地球作椭圆轨道运动，地球在椭圆轨道上的一个焦点上，则卫星,对地球中心的角动量守恒，动能不守恒,动量守恒，动能不守恒,对地球中心的角动量不守恒，动能守恒,动量守恒，动能守恒,A,D. 动量守恒，动能不守恒。人造卫星绕地球作椭圆轨道运动，地球在椭圆轨道上的一个焦点上时，卫星的动量守恒，因为在一个系统中，物体所受外力之和为零，所以地球对卫星的引力与卫星对地球的引力大小相等，方向相反，导致卫星动量守恒。但是由于卫星和地球的质量不同，引力不同，所以动能不守恒。
112,关于光的理解，下列正确的是,光电效应和康普顿效应都表明光具有粒子性,德布罗意是历史上第一个实验验证了物质波存在的人,光在传播时是波，而与物质相互作用时就转变成粒子,牛顿的“微粒说”与爱因斯坦的“光子说”本质上是一样的,A,A. 光电效应和康普顿效应都表明光具有粒子性。
113,关于磁通量，下列说法正确的是,穿过任一平面的磁通量越大，该处的磁感应强度也一定越大,穿过某个面的磁通量为零，该处的磁感应强度也为零,穿过某一线圈平面的磁通量越大，该线圈平面的面积一定越大,当闭合线圈平面跟磁场方向平行时，穿过这个线圈平面的磁通量一定为零,D,D. 当闭合线圈平面跟磁场方向平行时，穿过这个线圈平面的磁通量一定为零。
114,关于电场线，下列叙述正确的是,电场线方向就是正的检验电荷的运动方向,电场线是直线的地方是匀强电场,画有电场线的地方有电场，未画电场线的地方不一定无电场,只要初速度为零，正电荷必将在电场中沿着电场线方向运动,C,C. 画有电场线的地方有电场，未画电场线的地方不一定无电场。
115,与丝绸摩擦后的玻璃棒带上了正电荷，这是因为,丝绸上有些电子转移到了玻璃棒上,玻璃棒上有些电子转移到了丝绸上,玻璃棒上有些正电荷转移到了丝绸上,丝绸上有些正电荷转移到了玻璃棒上,B,D. 丝绸上有些正电荷转移到了玻璃棒上
116,以下说法正确的是,气体对器壁的压强是由大量气体分子对器壁频繁碰撞而产生的,分子间距离减小时，分子引力减小，分子斥力增大,当气体膨胀时，气体分子势能减小，因而气体的内能减少,分子间距离增大时，分子势能一定增大,A,A. 气体对器壁的压强是由大量气体分子对器壁频繁碰撞而产生的。
117,人们对于运动和力的关系的认识经历了一个长期的探索过程，牛顿在前人的基础上总结提出了牛顿第一定律即惯性定律，以下关于惯性的说法正确的是（）,物体抵抗运动状态变化的性质是惯性,没有力作用，物体只能处于静止状态,速度大的汽车难以停下来，说明速度越大惯性越大,物体只有在不受力或者合外力为零的时候才有惯性,A,A. 物体抵抗运动状态变化的性质是惯性惯性是物体抵抗变化运动状态的性质，它不是一种物体具有的力，而是物体的一种固有属性。牛顿第一定律，即惯性定律，指出物体在没有受到外力时，保持静止状态或匀速直线运动状态。
118,下列关于做直线运动的物体的加速度描述中，正确的是,加速度在数值上等于单位时间内速度的变化量,速度变化越来越快，加速度越来越小,加速度为正，物体一定加速,当加速度与速度方向相同且又减小时，物体做减速运动,A,A. 加速度在数值上等于单位时间内速度的变化量
119,某人以一定速率垂直河岸（静水中的速率垂直河岸）向对岸游去，当水流的运动是匀速时，他所游过的路程、过河所用的时间与水速的关系是,水速大时，路程长，时间长,路程、时间与水速无关,水速大时，路程长，时间不变,水速大时，路程长，时间短,C,C. 水速大时，路程长，时间不变
120,关于磁感线，下列说法正确的是,磁感线是磁场中实际存在的线,磁感线是小磁针受磁场力后运动的轨迹,磁感线上某点的切线方向跟该点的磁感应强度的方向一致,磁感线始于磁体的N极，终止于磁体的S极,C,C. 磁感线上某点的切线方向跟该点的磁感应强度的方向一致。
121,对于两个物体间的万有引力的表达式F=Gm1m2/r2，以下说法正确的选项是,公式中的G是引力常量，它是由实验得出的而不是人为规定的,两个物体间的引力总是大小相等、方向相反，是一对平衡力,相互作用的两个物体，质量大的受到的引力大，质量小的受到的引力小,当两物体的距离r趋于零时，万有引力趋于无穷大,A,A. 公式中的G是引力常量，它是由实验得出的而不是人为规定的。
122,关于平行板电容器，下列说法正确的是,其他条件不变，电容器极板间的正对面积越大，电容就越大,电容器所带的电荷量越多，电容就越大,其他条件不变，电容器极板间的距离越大，电容就越大,电容器两极间电介质的性质不会影响电容器的电容,A,"C. 其他条件不变, 电容器极板间的距离越大, 电容就越大。"
123,将一块质量分布均匀的砖分割成体积大小不同的两部分，则,两者的密度一定相等,体积大的密度一定大,两者的密度一定不相等,体积小的密度一定大,A,C. 两者的密度一定不相等。
124,关于曲线运动，以下说法中正确的选项是,做曲线运动的物体，速度大小一定不断变化,做曲线运动的物体，合力的方向一定与速度方向不在一条直线上,做曲线运动的物体的加速度一定是变化的,做曲线运动的物体所受的合力可能为零,B,B. 做曲线运动的物体，合力的方向一定与速度方向不在一条直线上
125,关于惯性，下列说法正确的是,物体的运动方向改变时才有惯性,物体在任何状态下都有惯性,做匀速直线运动的物体才有惯性,静止的物体才有惯性,B,B. 物体在任何状态下都有惯性
126,一根铜棒，在下列情况下，其质量会变化的是,钳工用铿刀对它进行加工,把铜棒加热到300°C,把铜棒扎成一薄铜片,宇航员将铜棒带到月球上,A,A.钳工用咭刀对它进行加工
127,一质点作匀速率圆周运动时,它的动量不断改变，对圆心的角动量不变,它的动量不变，对圆心的角动量也不变,它的动量不断改变，对圆心的角动量也不断改变,它的动量不变，对圆心的角动量不断改变,A,答案是 C. 它的动量不断改变，对圆心的角动量也不断改变。解释：对于一质点作匀速率圆周运动，它的动量不变，因为动量是质量与速度的乘积，而质点的速度不变。然而，质点的角动量变化是正确的。角动量是绕圆心计算的，表示磁场对运动质点的旋转的影响，随着旋转角度的改变，角动量也会发生改变。
128,关于摩擦力对物体做功，以下说法中正确的选项是,滑动摩擦力总是做负功,静摩擦力对物体总是做正功,静摩擦力对物体一定做负功,滑动摩擦力可能做负功，也可能做正功,D,D. 滑动摩擦力可能做负功，也可能做正功。滑动摩擦力与物体运动的方向相反，根据功的定义，当物体受到力的作用并且沿着力的方向运动时，力对物体做正功；当物体受到力的作用，但沿着相反的方向运动时，力对物体做负功。滑动摩擦力可能与物体运动的方向相容，也可能相逆，因此可能做正功，也可能做负功。
129,关于弹力，下列说法正确的是,相互接触的物体间必定有弹力的作用,物体对桌面产生的压力是由于桌面发生微小形变而产生的,压力和支持力总是跟接触面垂直,在桌面上的物体对桌面产生的压力就是物体的重力,C,正确答案是：B. 物体对桌面产生的压力是由于桌面发生微小形变而产生的。
130,关于功率，下列说法中正确的是：,从公式P＝Fv可知，汽车的发动机功率就是指合外力的功率,从公式P＝Fv可知，汽车的发动机功率可以随速度的不断增大而增大,功率是描述力对物体做功快慢的物理量,力对物体做的功越多，力做功的功率越大,C,C. 功率是描述力对物体做功快慢的物理量
131,关于温度、内能、热量三者的关系，下列说法正确的是,物体温度升高，一定是吸收了热量,物体温度升高，内能增加,物体温度不变，就没有吸热或放热,物体吸收热量，温度一走升高,B,B. 物体温度升高，内能增加。解析：1. 物体温度升高，可能是吸收了热量，也可能是对物体做功了。所以A选项错误。2. 物体温度升高，分子热运动更加剧烈，动能增加，同时分子势能也增加，所以内能增加。所以B选项正确。3. 物体温度不变，也有可能吸热或放热，比如冰融化和水还是温度的，但内能降低。所以C选项错误。4. 物体吸收热量，温度会升高，内能增加。所以D选项错误。综上所述，正确答案是B. 物体温度升高，内能增加。
132,于离心运动，以下说法中正确的选项是,做匀速圆周运动的物体，只要向心力的数值发生变化就将做离心运动,物体一直不受外力的作用时，可能做离心运动,做匀速圆周运动的物体，当外界提供的向心力变小时将做离心运动,做匀速圆周运动的物体，在外界提供的向心力突然变大时做离心运动,C,D. 做匀速圆周运动的物体，在外界提供的向心力突然变大时做离心运动。
133,关于能的概念，下列说法正确的是,用线悬挂着的物体，它没有做功，它不具有机械能,甲物体的高度比乙物体的高度大，则甲物体的势能一定比乙物体的大,在空中飞行的子弹，因为它能做功，所以它具有机械能,甲物体的运动速度比乙物体的大，则甲物体的动能一定比乙物体的大,C,C. 在空中飞行的子弹，因为它能做功，所以它具有机械能
134,地球可近似看成球形，由于地球外表上物体都随地球自转，所以有,物体在赤道处受的地球引力等于两极处，而重力小于两极处,赤道处的角速度比南纬300大,地面上的物体随地球自转时提供向心力的是重力,地球上物体的向心加速度都指向地心，且赤道上物体的向心加速度比两极处大,A,D. 地球上物体的向心加速度都指向地心，且赤道上物体的向心加速度比两极处大。
135,下列各组物理量中，全部是矢量的是,速度、平均速度、位移、加速度、摩擦力,质量、路程、速率、时间、弹力,位移、时间、速度、加速度、重力,位移、路程、时间、加速度、平均速率,A,选项C。概念物理学中，矢量是具有大小和方向的物理量，可以运算其大小。位移、速度、加速度和重力都是矢量。选项A中，平均速度是标量，没有方向。选项B中，质量是标量，路程是标量，速率是矢量，时间是标量。选项D中，平均速率是标量，路程是标量，时间是标量。
136,关于电阻率，下列说法中正确的是,所谓超导体，是当其温度降低到接近绝对零度的某个临界温度时，它的电阻率突然变为无穷大,各种材料的电阻率大都与温度有关，金属的电阻率随温度升高而减小,电阻率是表征材料导电性能好坏的物理量，电阻率越大，其导电性能越好,某些合金的电阻率几乎不受温度变化的影响，通常都用它们制作标准电阻,D,"D. 某些合金的电阻率几乎不受温度变化的影响, 通常都用它们制作标准电阻"
137,关于旋转矢量法，下列说法中错误的是,旋转矢量法描述简谐振动，就是矢量A本身在作简谐振动,矢量A的绝对值等于振动的振幅,矢量A的旋转角速度等于简谐振动的角频率,矢量A旋转一周，其端点在x轴的投影点就作一次全振动,A,A
138,关于分子动理论和物体的内能，下列说法中正确的是,物体从外界吸收热量，其内能一定增加,物体的温度升高，物体内大量分子热运动的平均动能增大,液体分子的无规则运动称为布朗运动,气体的温度升高，气体的压强一定增大,B,B. 物体的温度升高，物体内大量分子热运动的平均动能增大C. 液体分子的无规则运动称为布朗运动解析：A选项错误，物体从外界吸收热量时，其内能不一定增加，而是由温度和热容量确定的热量转化为分子动能，内能变化情况取决于热力学过程，以及物体做功情况。C选项正确，液体分子的无规则运动，即液体分子热运动，称为布朗运动。D选项错误，气体的压强和温度之间有一个重要的关系，即查理定律，当气体的体积增大时，温度升高，气体的压强也不一定增大。
139,人造地球卫星以地心为圆心，做匀速圆周运动，以下说法正确的选项是,半径越大，速度越小，周期越小,所有卫星角速度都相同，与半径无关,所有卫星的速度均是相同的，与半径无关,半径越大，速度越小，周期越大,D,正确答案是 D. 半径越大，速度越小，周期越大。人造卫星以地心为圆心做匀速圆周运动，其向心力由万有引力提供。根据牛顿第二定律，向心力等于卫星的质量乘以向心加速度，向心加速度等于引力除以卫星到地心的距离平方，即 F = GM/r^2，其中 G 是万有引力常数，M 是地球质量，r 是卫星到地心的距离。卫星的速度 v 和半径 r、周期 T 的关系由圆周运动的向心力公式 F = ma 得出，其中 a 是卫星的向心加速度。因此，卫星的向心加速度又等于引力除于卫星到地心的距离，即 a = GM/r^2。由此可得，卫星的速度 v 和半径 r 的关系为：v = sqrt(GM/r)。由此可知，半径越大，速度越小。同时，卫星的速度和周期 T 的关系为：T = 2πr/v。由此可知，半径越大，周期越小。因此，选项 D 正确。
140,下列公式中，既适用于点电荷产生的静电场，也适用于匀强电场的有：（1）场强E=F/q（2）场强E=U/d（3）场强$E=kQ/r^{2}$（4）电场力做功W=Uq,（1）（3）,（2）（4）,（1）（4）,（2）（3）,C,C. （1）（4）
141,甲、乙两汽车，甲的汽油机效率比乙的汽由机效率高，这表明,甲做功比乙快,甲做功比乙多,甲消耗的汽油比乙少,以相同的牵引力行驶相同的路程，甲耗油比乙少,D,D
142,一个物体同时受到两个力的作用，这两个力的三要素完全相同，那么这两个力,可能是平衡力,一定不是平衡力,无法判断,一走是平衡力,B,A. 可能是平衡力
143,在下列情况中，导体一定能产生感应电流的是,闭合电路的部分导体在磁场中运动时,闭合电路的部分导体在磁场中做切害喊感线运动时,导体在磁场中做切割磁感线运动时,导体在磁场中静止时,B,正确答案是：B. 闭合电路的部分导体在磁场中做切割磁感线运动时。
144,一质点在某段时间内做曲线运动，那么在这段时间内,速度可以不变，加速度一定在不断地改变,速度一定在不断地改变，加速度也一定在不断地改变,速度可以不变，加速度也可以不变,速度一定在不断地改变，加速度可以不变,D,D. 速度一定在不断地改变，加速度可以不变。
145,下列说法中正确的是,两个相同的、球心距离为r的金属球，带有等量同种电荷Q时的库仑力F＜kq1q2/r^{2},据$F=kq_{1}q_{2}/r^{2}$可知，当$r\to 0$时，$F\to \infty$,点电荷就是体积很小的带电体,两个点电荷的电荷量不变，只使它们之间的距离成为原来的一半，则它们之间的库仑力变为原来的2倍,A,D
146,下列说法正确的是,电源的电动势跟电源内非静电力做的功成正比，跟通过电源的电荷量成反比,通电导线在某点不受磁场力的作用，则该点的磁感应强度一定为零,库仑在研究电荷间相互作用时，提出了“电场”的概念,将正点电荷从场强为零的一点移动到场强为零的另一点，电场力做功不一定为零,D,D. 将正点电荷从场强为零的一点移动到场强为零的另一点，电场力做功不一定为零。
