0,"设集合$M=\left\{ -1,0,2,8 \right\},N=\left\{x|x\leqslant 2 \right\}$ ，则 $M\cap N =$","{—1,0,1} ","{0,1,2} ","{0,1} ","{—1,0,1,2} ",D,"B. {0,1,2}"
1,命题“若⼀个数是负数，则它的平⽅是正数”的逆命题是,“若⼀个数的平⽅是正数，则它是负数”,“若⼀个数不是负数，则它的平⽅不是正数”,“若⼀个数是负数，则它的平⽅不是正数”,“若⼀个数的平⽅不是正数，则它不是负数”,A,C. “若—个数是负数，则它的平⽅不是正数”
2,若数列${a_n}$的通项公式是$a_n=2(n+1)+3$则此数列,是公差为5的等差数列,不是等差数列,是公差为2的等差数列 ,是公差为3的等差数列,C,首先，我们计算两个连续项的差：$a_2 - a_1 = 2(2+1) + 3 - (2(1+1) + 3) = 5$公差为5，所以选项A、C不正确。接下来，我们计算另外两个连续项的差：$a_3 - a_2 = 2(3+1) + 3 - (2(2+1) + 3) = 3$$a_4 - a_3 = 2(4+1) + 3 - (2(3+1) + 3) = 2$可以看到，尽管公差不是恒定的5，但存在一个项与前一项的差是常数2，所以数列是公差为2的等差数列。答案是：C. 是公差为2的等差数列。
3,在△ABC中，a，b，c分别是⻆A，B，C所对的边，且a＝6，b＝8，A＝30°，则满⾜条件的三⻆形有,无数个,1个,0个,2个,D,A. 无数个
4,设$\bigtriangleup ABC$的内角A，B，C所对边的长分别是a，b，c，若$a^{2}=b^{2}+c^{2}-bc$，则A=,$2\frac{\pi}{3}$,$\frac{\pi}{4}$,$\frac{\pi}{6}$,$\frac{\pi}{3}$,D,C. $\frac{\pi}{6}$
5,下列正确的是,{0}=0 ,0属于{0} ,以上都不对,0真包含于{0},B,D. 0真包含于{0}
6,设等比数列{a_n}的前n项的和为S_n，若S_10:S_5=1:2，则S_15:S_5等于,2:3,1:3,1:2,3:4,D,C. 1:2
7,某学院的A，B，C三个专业共有1200名学⽣，为了调查这些学⽣勤⼯俭学的情况，拟采⽤分层抽样的⽅法抽取⼀个容量为120的样本．已知该学院的A专业有380名学⽣，B专业有420名学⽣，则在该学院的C专业应抽取的学⽣是 ,120名,38名,40名,42名,A,C. 40名
8,"已知a=log_{2}0.2, b=2^0.2, c=0.2^0.3，则",a<b<c,c<a<b,b<c<a,a<c<b,D,首先，我们需要计算a、b、c的具体值。已知a=log_{2}0.2，我们可以用换底公式将其转化为自然对数：a = log_{10} 0.2 / log_{10} 2 = -0.301024929。已知b=2^0.2，直接计算得：b = 1.090001692。已知c=0.2^0.3，直接计算得：c = 0.765216628。现在我们来比较a、b、c的大小：- a < b < c- -0.301024929 < 1.090001692 < 0.765216628- 因此，选项A正确。
9,某校现有⾼⼀学⽣210⼈，⾼⼆学⽣270⼈，⾼三学⽣300⼈，⽤分层抽样的⽅法从这三个年级的学⽣中随机抽取n名学⽣进⾏问卷调查，如果已知从⾼⼀学⽣中抽取的⼈数为7，那么从⾼三学⽣中抽取的⼈数应为,9,26,25,10,D,C. 25
10,下列元素中属于集合{x|x=2k k是⾃然数}的是,-2,3,10,7,C,D
11,"在$\bigtriangleup ABC$中，$cos\frac{C}{2}=\frac{\sqrt{5}}{5},BC=1, AC=5$，则AB等于",$2\sqrt{5}$,$4\sqrt{2}$,$\sqrt{29}$,$\sqrt{30}$,B,由于cosC=2cos^2(C/2)-1，代入cos(C/2)=\frac{\sqrt{5}}{5}，得到cosC=\frac{2\sqrt{5}}{5}-1，根据余弦定理，有c^2=a^2+b^2-2abcosC，其中c为AB，a和b为AC和BC，即c^2=5^2+1^2-2*5*1*(2*sqrt{5}/5-1)，解得c=4*sqrt(2)，所以选B。
12,"若x\in R, 则“x>1” 是 ""|x|>1""的",既⾮充分也⾮必要条件,充分⾮必要条件,充分必要条件,必要⾮充分条件,B,B. 充分⾮必要条件
13,在集合﹛1，2，3，4…，10﹜中任取⼀个元素，所取元素恰好满⾜⽅程cos（30°•x ）= 1/2 的概率为,1/5,1/4,1/6,1/3,A,C. 1/6
14,下列求导运算正确的事,(x^3)'=3x^2,(x^2 cos(x))'=-2xsin(x),(x^2+1)'=2x+1,(1/x)'=1/x^2,A,B. (x^2 cos(x))'=-2xsin(x)
15,已知函数$f(3x)=log_{2}\sqrt{(9x+1)/2}，则f(1)的值为,1/2,2,1,log_{2}\sqrt{5},A,首先，我们需要找到f(1)的值。为了找到这个值，我们可以将1代入到函数f(3x)中，即：f(3*1) = log2√((9*1+1)/2)简化后：f(3) = log2√(10/2)我们知道log2√(10/2) = log2(√10)/log2(2)，这可以简化为：f(3) = 1/2 log2(√10)由于log2(√10) = log2(10)/log2(2)，我们可以进一步简化为：f(3) = 1/2 * (1 + 1/2)f(3) = 1/2 * 3/2f(3) = 3/4然而，这并不是给定选项中的任何一个值。为了确定我们是否计算正确，我们可以进一步计算f(3)的值：f(3) = log2(√(9*3+1)/2)f(3) = log2(√30/2)f(3) = log2(√(9*2*5)/2)f(3) = log2(3)f(3) = 1这与选项C中的1相匹配，因此正确答案是C。
16,函数$y=log(x^{2}-1)$的定义域是,"$[-1,1]$","$(-\infty ,-1]\cup[1,+\infty)$","$(-\infty ,-1)\cup(1,+\infty)$","$(-1,1)$",C,"正确答案是：B. $(-\infty ,-1]\cup[1,+\infty)$解题过程如下：首先，对于对数函数，其内部表达式必须大于0。所以我们需要找到$x^2-1$的解集，使得$x^2-1>0$。$x^2-1>0$可以分解为$(x-1)(x+1)>0$。解这个不等式，我们得到$x<-1$或$x>1$。结合以上分析，函数的定义域是$x<-1$或$x>1$，即$(-\infty ,-1]\cup[1,+\infty)$。"
17,已知集合$A={x|y=\sqrt{4-x^4}}$，集合$B={x|x>=a}$，则$A\subseteq B$的一个充分不必要条件是,"(-\inf,-2)","[2,+\inf)","(-\inf,-2]","(2,+?)",A,"选项B. [2,+∞)解题过程：首先，我们需要确定集合A的取值范围。由题目给出的方程$y=\sqrt{4-x^4}$，我们可以观察到当$x$取值在$[-2, 2]$区间内时，方程有实数解，因为$4-x^4$在这个区间内是正数。所以，集合A的取值范围为$[-2, 2]$。然后，我们来看集合B的取值范围，由题目给出$B = [a, +\infty)$，这里我们可以看到集合B的取值范围从a开始一直延伸到正无穷。要确定A是否是B的子集，我们需要找到A的边界值（即最大和最小值），并确保这些值也在B中。从题目给出的A的取值范围我们可以看到，最小值为-2，而最大值为2。我们可以在B中找到这些值，因为B的取值范围是从a开始到正无穷，所以-2和2也在B中。但是，题目要求的是A是B的子集的充分不必要条件，这意味着A包含在B中，但B不一定要包含A。我们发现，-2并不在B中（因为在B中的最小值是a），但2在B中。所以，选项B. [2,+∞)是正确的，因为它满足A是B的子集的充分不必要条件。"
18,在空间中，下列命题正确的是,平⾏于同⼀直线的两个平⾯平⾏,垂直于同⼀平⾯的两条直线平⾏,平⾏于同⼀平⾯的两条直线平⾏,垂直于同⼀直线的两条直线平⾏,B,C. 平⾏于同一流不必要的两条直线平��行。
19,在正方体ABCD-A1B2C1D1中，BB1与平面ACD1所成角的余弦值为,\sqrt{3}/2,2/3,\sqrt{2}/3,\sqrt{6}/3,D,"首先，我们需要找到向量BB1和向量平面ACD1的夹角余弦值。设正方体的边长为a，向量BB1的坐标为(0, 0, a)，向量ACD1的坐标为(a, 0, a)，向量AD的坐标为(0, a, 0)。向量BB1与平面ACD1的夹角余弦值可以通过向量积与模长求得，即：cosθ = (BB1·AD) / (|BB1| * |AD|)其中，·表示向量点乘，|·|表示向量的模长。计算向量的点乘：BB1·AD = (0 * 0 + 0 * a + a * 0) + (0 * a + 0 * 0 + a * a) + (a * 0 + a * a + 0 * 0) - (0 * a + 0 * a + 0 * a) = 0计算向量的模长：|BB1| = √(0^2 + 0^2 + a^2) = √a^2 = a|AD| = √(a^2 + 0^2 + 0^2) = √(a^2) = a所以，cosθ = 0 / (a * a) = 0，即θ = 90°。因此，选项A、B、C和D中都不包含正确答案。正确答案是：没有正确答案。"
20,圆x^2+y^2-2x-2y+1=0上的点到直线x-y=2的距离最大的是,1+2\sqrt{2},2,1+\sqrt{2}/2,1+\sqrt{2},D,选项D. 1+\sqrt{2}
21,若$\sin\alpha * \cos\alpha > 0$，则\alpha在,第一、四象限,第一、二象限,第一、三象限,第二、四象限,C,D. 第二、四象限
22,同时抛掷两枚质地均匀的硬币，则出现两个正面朝上的概率是,$\frac{1}{8}$,$\frac{1}{4}$,$\frac{1}{2}$,$\frac{1}{3}$,B,答案是：A. $\frac{1}{8}$
23,在三角形ABC中，sinA:sinB:sinC=3:2:4，则cosC的值为,-2/3,-1/4,2/3,1/4,B,C. 2/3
24,"600是数列1*2,2*3,3*4，...的第",25项,24项 ,30项,20项 ,B,B. 24项。数列的通项公式是 n*(n+1)，其中n是项数。我们需要找到使得600这一项存在的n值。600 = 1*2 = 2*3 = 3*4 = ... = n*(n+1)从1*2开始，依次计算可以得到：2*3 = 6，不等于1*2；3*4 = 12，不等于2*3；4*5 = 20，不等于3*4；5*6 = 30，等于3*4；6*7 = 42，不等于4*5；7*8 = 56，不等于5*6；8*9 = 72，不等于6*7；9*10 = 90，不等于7*8；10*11 = 110，不等于8*9；从上述计算中可以看出，600是数列中的第24项，即n = 24。
25,"设$z=(3-i)/(1+2i)$,则|z|=",2,1,sqrt{3},sqrt{2},D,首先，我们要求出复数z的模，即|z|。已知z=(3-i)/(1+2i)，我们要求出分母的模和分子的模再求比值。分母的模是：|1+2i| = sqrt(1^2 + 2^2) = sqrt(5)分子的模是：|3-i| = sqrt(3^2 + (-1)^2) = sqrt(10)那么，z的模为：|z| = |(3-i)/(1+2i)| = sqrt((3-i)/(1+2i))^2 = sqrt((3-i)^2 / (1+2i)(1+2i)) = sqrt(10 / 5) = sqrt(2)所以，答案是D. sqrt(2)。
26,"设$\bigtriangleup ABC$的内角A，B，C所对边的长分别是a，b，c，且$f(A)=\sqrt{3}sinA-cosA+2$，若$f(A)=3,a=\sqrt{6}, S_{\bigtriangleup ABC}=\sqrt{3}$，则$\bigtriangleup ABC$的周长是",$3\sqrt{3}+\sqrt{6}$,$2\sqrt{2}+\sqrt{6}$,$3\sqrt{2}+\sqrt{6}$,$2\sqrt{3}+\sqrt{6}$,C,首先，根据题目给出的$f(A)=3$，我们可以得到$\sqrt{3}\sin A - \cos A + 2 = 3$，即$\sqrt{3}\sin A - \cos A = 1$。然后，利用正弦定理，我们有$\frac{a}{\sin A} = \frac{b}{\sin B} = \frac{c}{\sin C} = 2R$，其中$R$是外接圆的半径。由于$S_{\bigtriangleup ABC} = \sqrt{3}$，我们可以得到$\frac{1}{2}ab\sin A = \sqrt{3}$，即$ab = 4\sqrt{3}$。接下来，利用两角和的正弦公式，我们有$\sin(A+B) = \sin A\cos B + \cos A\sin B$。由于$B = 180^\circ - A - C$，我们可以得到$\sin(A+C) = \sin A\cos C + \cos A\sin C$。又因为$\sin C = \sin(180^\circ - A - B) = \sin(A+B)$，我们可以得到$\sin(A+C) = 2\sin A\cos C$。由于$\sin A\cos C + \cos A\sin C = 2\sin A\cos C$，我们可以得到$\cos A\sin C = \cos A\sin B$，即$\tan C = \tan B$。由于$A$和$B$的取值范围是$0^\circ$到$180^\circ$，我们可以得到$B = 60^\circ$。由于$\tan C = \tan B$，我们可以得到$C = 60^\circ$。最后，我们可以得到三角形$ABC$为等边三角形，所以边长为$a = \sqrt{6}$，$b = c = 2\sqrt{2}$。因此，三角形$ABC$的周长为$a + b + c = \sqrt{6} + 2\sqrt{2} + 2\sqrt{2} = \sqrt{6} + 4\sqrt{2}$，与选项B匹配。
27,"已知空间直⻆坐标系中三点$A(0,1,0),M(\sqrt{2},1,0),N(0,3,\sqrt{2}),O$为坐标原点，则直线 OA 与 MN 所成⻆的余弦值为",\frac{\sqrt{2}}{2},$\frac{\sqrt{6}+\sqrt{2}}{4}$,$\frac{\sqrt{3}}{2}$,0,A,A
28,$\cos{\alpha}=4/5$，\alpha 为第四象限角，则$\tan{\alpha}$的值为,-4/3,$\pm 4/3$,-3/4,$\pm 3/4$,C,第四象限的角，$\cos{\alpha}$为正，求得$\tan{\alpha}$为负值。利用公式$\tan{\alpha}=\frac{\sin{\alpha}}{\cos{\alpha}}$，结合同角三角函数的基本关系$\sin^2{\alpha}+\cos^2{\alpha}=1$，可以求得$\sin{\alpha}$的值为$3/5$，因此，$\tan{\alpha}=\frac{-3/5}{4/5}=-\frac{3}{4}$。故答案为：C. -3/4。
29,"已知x>0, y>0, x+2y+2xy=8, 则x+2y的最小值是",5.5,3,4,4.5,C,C. 4
30,在$\bigtriangleup ABC$中，若c=1，$a=\sqrt{3}$，$\angle A=\frac{2\pi}{3}$，则b为,1,$\frac{\sqrt{10}}{2}$,$\sqrt{7}$,2,A,B. $\frac{\sqrt{10}}{2}$
31,函数$y=\sqrt{2x+1} + \sqrt{3-4x}$的定义域为,"(-\infty, 1/2]","(-1/2, 3/4)","(1/2,0)\cup (0, \infty)","[-1/2, 3/4]",D,首先，我们需要找到使得根号内的表达式非负的x取值范围，以确定函数的定义域。对于选项A：$y=\sqrt{2x+1} + \sqrt{3-4x}$，要求$2x+1\geq 0$和$3-4x\geq 0$，解得$x\geq 1/2$和$x\leq 3/4$，所以选项A不符合题意。对于选项B：$y=\sqrt{2x+1} + \sqrt{3-4x}$，要求$2x+1\geq 0$和$3-4x\geq 0$，解得$x\geq -1/2$和$x\leq 3/4$，所以选项B符合题意。对于选项C：$y=\sqrt{2x+1} + \sqrt{3-4x}$，要求$2x+1\geq 0$和$2x+1\geq 4-4x$，解得$x\geq 1/2$和$x\leq -1/2$，所以选项C不符合题意。对于选项D：$y=\sqrt{2x+1} + \sqrt{3-4x}$，要求$2x+1\geq 0$和$3-4x\geq 0$，解得$x\geq 1/2$和$x\leq 3/4$，所以选项D不符合题意。综上，选项B是正确答案。
32,$cos\frac{7}{6}\pi=$,$-\frac{1}{2}$,$\frac{1}{2}$,$-\frac{\sqrt{3}}{2}$,$\frac{\sqrt{3}}{2}$,C,"首先，我们知道 $\cos$ 函数的周期为 $2\pi$，所以我们可以将 $\frac{7}{6}\pi$ 转化为在 $[0, 2\pi]$ 区间内的角度。计算 $\frac{7}{6}\pi$ 得到 $\frac{7}{6}\pi \approx 2.9159$，这个角度在第二象限。在第二象限，$\cos$ 函数是负的，且该角度小于 $2\pi$，所以我们可以确定 $\cos\frac{7}{6}\pi$ 的值为 $-\frac{1}{2}$。所以，正确答案是选项 A：$-\frac{1}{2}$。"
33,$\frac{1+2i}{1-2i}$等于,$-\frac{3}{5}-\frac{4}{5}i$,$-\frac{4}{5}+\frac{3}{5}i$,$-\frac{3}{5}+\frac{4}{5}i$,$-\frac{4}{5}-\frac{3}{5}i$,C,首先，我们将分子和分母都乘以分母的共轭复数$1+2i$，以消除分母中的虚部：$$\frac{1+2i}{1-2i} = \frac{(1+2i)(1+2i)}{(1-2i)(1+2i)}$$接下来，我们计算分子和分母的乘积：分子：$(1+2i)(1+2i) = 1 + 2i + 2i + 4i^2 = 1 + 4i - 4 = -3 + 4i$分母：$(1-2i)(1+2i) = 1 - 2i + 2i - 4i^2 = 1 - 4i - 4 = -3 - 4i$现在，我们将分子除以分母：$$\frac{-3 + 4i}{-3 - 4i}$$为了得到这个复数的实部和虚部，我们可以分别将分子和分母的实部和虚部分开，然后进行除法：实部：$\frac{-3}{-3} + \frac{4}{-3}i = 1 - \frac{4}{3}i$虚部：$\frac{4}{-3} - \frac{0}{3}i = \frac{4}{3}$因此，$\frac{1+2i}{1-2i}$等于$1 - \frac{4}{3}i$。然而，这个选项没有在给定的选项中。让我们检查一下，看看是否有计算错误或其他疏漏。
34,"把函数y=sin(2x-pi/4)的图像向右平移pi/8,所得到的图像对应的函数为",非奇非偶函数,奇函数,偶函数,既是奇函数又是偶函数,C,C. 偶函数。
35,在1，2，3，…，10这10个数字中，任取3个数字，那么“这三个数字的和⼤于6”这⼀事件是,以上选项均不正确,必然事件 ,不可能事件,随机事件,D,D. 随机事件
36,"在锐角三角形ABC中，a=1, B=2A，则边b的取值范围为","(sqrt(2),sqrt(3))","(1,2)","(2,3)","(1,3)",A,"A. (sqrt(2),sqrt(3))"
37,下列⼏个命题中，①两个⾯平⾏且相似，其余各⾯都是梯形的多⾯体是棱台；②有两个⾯互相平⾏，其余四个⾯都是等腰梯形的六⾯体是棱台；③各侧⾯都是正⽅形的四棱柱⼀定是正⽅体；④分别以矩形两条不等的边所在直线为旋转轴，将矩形旋转，所得到的两个圆柱是两个不同的圆柱。其中正确的有几个。,2,1,4,3,B,A. 2
38,"已知{a_n}是等比数列，a_2=2, a_3=1/4，则公比q=",2,-2,-1/2,1/2,D,"答案是D. 1/2。解题过程如下：已知数列是等比数列，所以有 a_2 = a_1 * q, a_3 = a_1 * q^2。由题意得 a_2 = 2, a_3 = 1/4。将已知条件代入等式中，得到：2 = a_1 * q1/4 = a_1 * q^2将第一个等式除以第二个等式，得到：q = 2 / (q^2)q^3 = 2q = ∛2所以公比q=1/2，故选D。"
39,我国数学家陈景润在哥德巴赫猜想的研究中取得了世界领先的成果。哥德巴赫猜想是“每个大于2的偶数可以表示为两个素数的和”，如30=7+23.在不超过30的素数中，随机选取两个不同的数，其和等于30的概率是,$\frac{1}{15}$,$\frac{1}{12}$,$\frac{1}{14}$,$\frac{1}{18}$,A,首先，我们需要找出不超过30的素数。这些素数有：2，3，5，7，11，13，17，19，23，29。其中，2是最小的素数，也是唯一的偶数素数，其他的素数都是奇数。现在，我们考虑从这些素数中随机选取两个不同的数，其和等于30的情况。我们可以得到以下几种组合：- 选取2和28，和为30- 选取2和29，和为31（这种情况不适用，因为两个素数之和总是偶数）- 选取3和27，和为28（这种情况不适用，因为两个素数之和总是偶数）- 选取3和29，和为32（这种情况不适用，因为两个素数之和总是偶数）- 选取5和25，和为30- 选取5和26，和为31（这种情况不适用，因为两个素数之和总是偶数）- 选取5和27，和为32（这种情况不适用，因为两个素数之和总是偶数）- 选取5和28，和为33（这种情况不适用，因为两个素数之和总是偶数）- 选取7和23，和为30- 选取7和24，和为31（这种情况不适用，因为两个素数之和总是偶数）- 选取7和25，和为32（这种情况不适用，因为两个素数之和总是偶数）- 选取7和26，和为33（这种情况不适用，因为两个素数之和总是偶数）- 选取7和27，和为34（这种情况不适用，因为两个素数之和总是偶数）- 选取11和19，和为30- 选取11和20，和为31（这种情况不适用，因为两个素数之和总是偶数）- 选取11和21，和为32（这种情况不适用，因为两个素数之和总是偶数）- 选取11和22，和为33（这种情况不适用，因为两个素数之和总是偶数）- 选取11和23，和为34（这种情况不适用，因为两个素数之和总是偶数）- 选取11和24，和为35（这种情况不适用，因为两个素数之和总是偶数）- 选取11和25，和为36（这种情况不适用，因为两个素数之和总是偶数）- 选取13和27，和为39（这种情况不适用，因为两个素数之和总是偶数）- 选取17和21，和为38（这种情况不适用，因为两个素数之和总是偶数）- 选取17和22，和为39（这种情况不适用，因为两个素数之和总是偶数）- 选取17和23，和为39（这种情况不适用，因为两个素数之和总是偶数）- 选取19和21，和为39（这种情况不适用，因为两个素数之和总是偶数）- 选取19和22，和为39（这种情况不适用，因为两个素数之和总是偶数）- 选取23和24，和为45（这种情况不适用，因为两个素数之和总是偶数）- 选取23和25，和为46（这种情况不适用，因为两个素数之和总是偶数）- 选取23和26，和为47（这种情况不适用，因为两个素数之和总是偶数）- 选取23和27，和为47（这种情况不适用，因为两个素数之和总是偶数）- 选取29和21，和为49（这种情况不适用，因为两个素数之和总是偶数）从这些组合中，我们可以看到有11种情况满足题目的条件，即从素数中随机选取两个不同的数，其和等于30。所以，概率为11/38，约等于0.2895。然而，题目要求的是求解和等于30且是两个素数的概率，而不是任意两个数的概率。因此，我们需要从上述11种情况中进一步筛选出满足“两个素数”条件的组合。经过筛选，我们发现有3种组合满足题目的条件：- 选取2和28，和为30- 选取2和29，和为31（这种情况不适用，因为两个素数之和总是偶数）- 选取5和25，和为30从这些组合中，有2种满足题目的条件，即选取2和28以及选取5和25。所以，满足题目的概率为2/38，约等于0.0526。最后，将这个概率转化为分数形式，得到1/18。所以，正确答案是选项D：1/18。
40,"集合A={x|1<x<9},B={2，3，4}，那么A与B的关系是",A真包含于B,⽆法确定,B真包含于A ,B=A ,C,C. B真包含于A 解析：集合B中的元素都是集合A中的元素，但集合A中还有B中没有的元素，即A中包含于B，但A中不仅仅是B的子集，所以B是A的子集，但A中不是B的子集，所以B真包含于A。
41,若sin(a)cos(a)=1/8，且pi/4<a<pi/2，则sin(a)-cos(a)=,-\sqrt{3}/2,3/4,-3/4,\sqrt{3}/2,D,B. 3/4
42,"设$\bigtriangleup ABC$的内角A，B，C所对边的长分别是a，b，c，tan(A+B)=-2sinC, c=3, $\bigtriangleup ABC$的周长取值范围是","$(6,3+2\sqrt{3}]$","(6,9]","[6,9]","$[6,3+2\sqrt{3}]$",B,"由于已知 $\tan(A+B) = -2\sin C$，我们可以利用正弦定理和三角函数的加法公式进行化简：正弦定理：$\frac{a}{\sin A} = \frac{b}{\sin B} = \frac{c}{\sin C} = 2R$（其中R为外接圆的半径）由于 $c=3$，我们可以得到：$\frac{a}{\sin A} = \frac{b}{\sin B} = \frac{3}{\sin C}$将上式利用正弦定理的倍数关系进行化简，得到：$\frac{a}{\sin A} = \frac{b}{\sin B} = 3$因此，$a = 3\sin A$，$b = 3\sin B$将 $a$ 和 $b$ 代入 $\tan(A+B) = -2\sin C$，得到：$\tan(A+B) = \frac{3\sin A + 3\sin B}{3\sin C} = -2\frac{\sin C}{3}$由于 $\tan(A+B) = \frac{\sin(A+B)}{\cos(A+B)}$，我们得到：$\frac{\sin(A+B)}{\cos(A+B)} = -2\frac{\sin C}{3}$利用三角函数的加法公式和倍数关系，我们得到：$\frac{\sin(2C-A)}{\cos(A+C)} = -2\frac{\sin C}{3}$化简得到：$\sin(2C-A) = -2\sin C\cos(A+C)$利用正弦定理，我们得到：$2R\sin(2C-A) = -2R\sin C\cos(A+C)$由于 $2R = 6$，我们得到：$\sin(2C-A) = -\frac{\sin C}{3}\cos(A+C)$利用三角函数的加法公式，我们得到：$\sin(2C-A) = -\frac{\sin(2C-A)}{2}\sin(2C-A) = -\frac{\sin^2(2C-A)}{2}$因此，$\sin^2(2C-A) = 2\sin(2C-A)$由于 $\sin^2(2C-A) + \cos^2(2C-A) = 1$，我们得到：$\cos^2(2C-A) = 1 - \sin^2(2C-A) = 1 - 2\sin^2(2C-A)$由于 $\cos(2C-A) = \sqrt{1 - \sin^2(2C-A)}$，我们得到：$1 - \sin^2(2C-A) = \sqrt{1 - \sin^2(2C-A)}$解得：$\sin^2(2C-A) = \frac{1}{2}$因此，$\sin(2C-A) = \pm \frac{1}{\sqrt{2}}$利用正弦定理，我们得到：$a = 3\sin A = 3\sin(2C-A) = 3\pm \frac{1}{\sqrt{2}}$$b = 3\sin B = 3\sin(2C-A) = 3\pm \frac{1}{\sqrt{2}}$由于 $a$ 和 $b$ 必须为正数，因此：$a = 3 + \frac{1}{\sqrt{2}}$，$b = 3 - \frac{1}{\sqrt{2}}$利用余弦定理，我们得到：$c^2 = a^2 + b^2 - 2ab\cos C = (3 + \frac{1}{\sqrt{2}})^2 + (3 - \frac{1}{\sqrt{2}})^2 - 2(3 + \frac{1}{\sqrt{2}})(3 - \frac{1}{\sqrt{2}})\cos C$由于 $c=3$，我们得到：$9 = 10 + 2\sqrt{2} - 12\cos C$因此，$\cos C = \frac{1 + \sqrt{2}}{2}$利用正弦定理，我们得到：$\sin C = \frac{3}{c} = \frac{3}{3} = 1$因此，$\sin A = \sin(2C-A) = \pm \frac{1}{\sqrt{2}}$利用正弦定理，我们得到：$a = 3\sin A = 3\pm \frac{1}{\sqrt{2}}$由于 $a$ 必须为正数，因此：$a = 3 + \frac{1}{\sqrt{2}}$因此，$\bigtriangleup ABC$的周长为：$a + b + c = (3 + \frac{1}{\sqrt{2}}) + (3 - \frac{1}{\sqrt{2}}) + 3 = 6 + 3\sqrt{2}$因此，$\bigtriangleup ABC$的周长取值范围是 $[6,6 + 3\sqrt{2}]$由于 $3 + 3\sqrt{2} = 9$，因此，$\bigtriangleup ABC$的周长取值范围是 $[6,9]$因此，正确答案是B. (6,9]。"
43,已知等差数列中，公差为2，第n项等于30，且前n项之和为240，则n等于,17,15,16,14,B,C. 16
44,若(a+i)/(1-i)(a\in R)是纯虚数，则|(a+i)/(1-i)|=,2,1,-i,i,B,A. 2
45,函数$y=sin2xcos2x$最⼩正周期是,$\frac{1}{2}\pi$,$\frac{1}{4}\pi$,$2\pi$,$6\pi$,A,首先，将函数$y=sin2xcos2x$用三角函数的乘积公式变换，得到：$$y=sin2x*cos2x = \frac{1}{2}sin4x$$然后，我们知道正弦函数的周期为$2\pi$，因此函数$y=\frac{1}{2}sin4x$的最小正周期为：$$T=\frac{2\pi}{4}= \frac{1}{2}\pi$$所以，正确答案是选项A：$\frac{1}{2}\pi$。
46,为了判断甲、⼄两名同学本学期⼏次数学考试成绩哪个稳定，通常需要知道这两个⼈数学成绩的,⽅差,众数,频率分布,平均数,A,为了判断甲、⼄两名同学本学期数学考试成绩哪个稳定，通常需要知道这两个人数学成绩的方差。方差是用来衡量一组数的离散程度的，值越小，表示这组数的离散程度越小，稳定性越高。所以，正确答案是A. 方差。
47,三角形ABC的面积是1，AB=2，BC=\sqrt{2}，角B为钝角，则AC=,\sqrt{10},\sqrt{5} ,1,2,A,B. \sqrt{5}
48,"已知集合p={1,2,3,4},Q={-1,0,1}，则$P\cap Q$等于","{1,2}","{-1,0,1,2,3,4}",{1},"{3,4}",C,"D. {3,4}"
49,同时抛掷两枚质地均匀的硬币，则出现两个正⾯朝上的概率是,1/8,1/3,1/2,1/4,D,D. 1/4
50,"设三阶方程$A=[A_{1},A_{2},A_{3}]$，其中$a_[i], i=1,2,3$为A的列向量，且$|A|=2$，则$|B|=|[a_{1}+3a_{2},a_{2},a_{3}]|=$",6,0,-2,2,D,C. -2
51,"等差数列中a5=11, S12=186, 则a8等于",18,20,21,22,B,B. 20
52,"从一批羽毛球产品中任取一个，其质量小于4.8g的概率为0.3，质量小于4.85g的概率为0.32，那么质量在[4.8,4.85)g范围内的概率是",0.68,0.38,0.02,0.62,C,B. 0.38
53,设$\bigtriangleup ABC$的内角A，B，C所对边的长分别是a，b，c，且$f(A)=\sqrt{3}sinA-2cos^{2}\frac{A}{2}+3$，当函数f(A)取到最大值时$\bigtriangleup ABC$的形状是,不确定,锐角三角形,钝角三角形,直角三角形,C,B. 锐角三角形
54,函数$f(x)=lnx-\frac{1}{x}$的零点所在的区间为,"(2,3)","(3,4)","(1,2)","(0,1)",C,"首先，我们要找出函数$f(x)=lnx-\frac{1}{x}$的零点，即求解$x$使得$f(x)=0$。计算当$x=1$时，$f(x)=0$不成立，所以排除选项C。计算当$x=2$时，$f(x)=0$不成立，所以排除选项A。计算当$x=3$时，$f(3)=\ln 3-\frac{1}{3}$，$f(4)=\ln 4-\frac{1}{4}$，显然$f(3)<0$且$f(4)>0$，所以$x=3$在区间$(3,4)$内，且$f(x)$在$x=3$处由负变正，所以选项B是一个零点。计算当$x=0$时，$f(x)=-\infty$，$f(1)<0$，所以排除选项D。综上，选项B是正确答案。"
55,"已知向量a，b满足$|a|=1,a\cdot b=-1$，则$a\cdot(2a-b)$ 等于",3,4,2,0,A,B. 4
56,"在$\bigtriangleup ABC$ 中，$a=2\sqrt{2},B=\frac{\pi}{4},\angle A=\frac{\pi}{3}$，则b=",$\frac{5\sqrt{3}}{4}$,$\frac{4\sqrt{3}}{3}$,$\frac{5\sqrt{3}}{3}$,$\frac{3\sqrt{3}}{2}$,B,B. $\frac{4\sqrt{3}}{3}$
57,若回归直线的方程为$\hat{y}=2-1.5x$，则变量x增加一个单位时,y平均减少2个单位,y平均增加1.5个单位,y平均增加2个单位,y平均减少1.5个单位,D,B. y平均增加1.5个单位
58,不等式$|x(x-2)|>x(x-2)$的解集为,"$(2,+\infty)$","$(-\infty,0)\cup(0,+\infty)$","$(-\infty,0)$","(0,2)",D,"首先，将不等式$|x(x-2)|>x(x-2)$分解为两个不等式：1) $x(x-2)>0$，即$x^2-2x>0$，解得$x<0$或$x>2$。2) $x(x-2)<0$，即$x^2-2x<0$，解得$0<x<2$。将两个不等式的解集合并，得到解集为$(0,2)U(-\infty,0)$，即$(-\infty,0)\cup(0,2)$。所以，正确答案是B. $(-\infty,0)\cup(0,+\infty)$。"
59,16汽修（2）班总⼈数是50，其中喜欢蓝球的有21⼈，喜欢⽻⽑球的有19⼈，既不喜欢篮球⼜不喜欢⽻⽑球的有15⼈，那么既喜欢篮球⼜喜欢⽻⽑球的有⼏⼈？,5人,6人,7人,4人,A,A. 5人
60,如果等差数列$\left\{ a_{n} \right\}$中，$a_{3}+a_{5}+a_{7}=12$，那么$a_{1}+a_{2}+...+a_{9}$的值为,18,36,54,27,B,由于等差数列的性质，我们有：$a_3 = a_1 + 2d$$a_5 = a_1 + 4d$$a_7 = a_1 + 6d$将这三个式子相加，得到：$3a_1 + 12d = 12$我们要求的是 $a_1 + a_2 + ... + a_9$ 的值，利用等差数列的求和公式，这个和为：$S_9 = \frac{9}{2}(2a_1 + 8d)$为了求出 $a_1$ 和 $d$，我们还需要另一个方程。但是，我们没有得到任何其他方程，所以无法求出 $a_1$ 和 $d$ 的确切值。因此，我们无法给出 $S_9$ 的确切值，所以不能选择 A、B、C 中的任何一个。然而，如果我们对原始的等式进行一些变换，我们得到：$3(a_1 + 4d) = 12$$3a_1 + 12d = 12$这个等式与之前的等式相同，所以我们仍然无法求出 $a_1$ 和 $d$ 的确切值。因此，我们无法给出 $S_9$ 的确切值，所以不能选择 D 选项。最终答案：我们无法确定。
61,"已知$tan\alpha=\frac{1}{4},tan(\alpha-\beta)=\frac{1}{3}$，则$tan\beta=$",$\frac{1}{13}$,$-\frac{1}{13}$,$-\frac{11}{7}$,$\frac{7}{11}$,B,B. $-\frac{1}{13}$
62,已知点（—4，2），（0，0），则线段的垂直平分线的斜率为,1/2,-1/2,2,-2,C,A. 1/2
63,设A={x| x>1}，B={ x|x≥5}，那么$A\cup B=$,{x|x≥1},{x|x≥5} ,{x| x>1} ,{x| x>5} ,C,B. {x|x≥5}
64,人的年龄x与人体脂肪含量的百分数y的回归方程为y=0.577x-0.448，如果某人36岁，那么这个人的脂肪含量,无任何参考数据,一定20.3%,在20.3%附近的可能性比较大,以上解释都无道理,C,C. 在20.3%附近的可能性比较大
65,"经过点M(-2,m), N(m,4)的直线的斜率等于1，则m的值为",1或3,1,4,1或4,B,A. 1或3
66,"$f(x)=x^3-3x^2+2$在区间[-1,1]上的最大值是",4,1,0,2,D,"首先，我们需要找到函数f(x)在区间[-1,1]上的最大值。为此，我们首先计算函数的导数：f'(x) = 3x^2 - 6x令导数等于0，以找到极值点：3x^2 - 6x = 0x(3x - 6) = 0x = 0 或 x = 2接下来，我们检查这些点以及区间的端点[-1,1] which 位于这些点附近，以确定函数的最大值。计算f(0) = 0^3 - 3(0)^2 + 2 = 2计算f(2) = 2^3 - 3(2)^2 + 2 = 0由于f(0) > f(2)，且在x = 2处f(x)取得值为0，而在区间端点f(-1)和f(1)的值均为负，故在区间[-1,1]上，f(x)的最大值为2。所以，正确答案是D. 2。"
67,$x^2\neq y^2$是$x\neq y$且$x\neq -y$的,既不充分也不必要条件,充分不必要条件 ,充要条件,必要不充分条件,C,B. 充分不必要条件。
68,"设$\bigtriangleup ABC$的内角A，B，C所对边的长分别是a，b，c，已知$a=2\sqrt{2}, cosA=\frac{\sqrt{6}}{3}, B=A+\frac{\pi}{2}$，则$\bigtriangleup ABC$的面积为",$\frac{4\sqrt{3}}{3}$,$\frac{4\sqrt{2}}{3}$,$\frac{2\sqrt{3}}{3}$,$\frac{2\sqrt{2}}{3}$,B,首先，我们可以通过三角函数关系式得到$\sin A$和$\sin B$的值。由于$\cos A = \frac{\sqrt{6}}{3}$，我们可以得到：$\sin A = \sqrt{1 - \cos^2 A} = \sqrt{1 - \left(\frac{\sqrt{6}}{3}\right)^2} = \frac{\sqrt{3}}{3}$。已知$B = A + \frac{\pi}{2}$，所以：$\sin B = \sin(A + \frac{\pi}{2}) = \sin A \cos \frac{\pi}{2} + \cos A \sin \frac{\pi}{2} = \frac{\sqrt{3}}{3} \cdot 0 + \frac{\sqrt{6}}{3} \cdot 1 = \frac{\sqrt{6}}{3}$。然后，我们可以使用正弦定理求出边b和c的长度。正弦定理公式为：$\frac{a}{\sin A} = \frac{b}{\sin B} = \frac{c}{\sin C} = 2R$，其中R是外接圆的半径。由于我们已知a和B的值，可以得到：$\frac{2\sqrt{2}}{\frac{\sqrt{3}}{3}} = \frac{b}{\frac{\sqrt{6}}{3}}$，解得b = $\frac{2\sqrt{2} \cdot \sqrt{6}}{3\sqrt{3}} = \frac{2\sqrt{12}}{3\sqrt{3}} = \frac{2\sqrt{4}}{3\sqrt{3}} = \frac{4}{3\sqrt{3}} = \frac{4\sqrt{3}}{9}$。同样地，我们可以得到c的值：$\frac{2\sqrt{2}}{\frac{\sqrt{3}}{3}} = \frac{c}{\sin C}$，解得c = $\frac{2\sqrt{2} \cdot \sqrt{3}}{3\sqrt{3}} = \frac{2\sqrt{6}}{3\sqrt{3}} = \frac{2\sqrt{2}}{3\sqrt{3}} = \frac{2\sqrt{2}}{3\sqrt{3}} \cdot \frac{\sqrt{3}}{\sqrt{3}} = \frac{2\sqrt{6}}{9} = \frac{2\sqrt{2}}{3}$。然后，我们可以使用海伦公式计算三角形的面积：$S = \sqrt{p(p-a)(p-b)(p-c)}$，其中p是半周长，$p = \frac{a+b+c}{2} = \frac{2\sqrt{2}+4\sqrt{3}}{6} = \frac{2\sqrt{2}}{3\sqrt{3}}$。代入公式，计算得到：$S = \sqrt{\frac{2\sqrt{2}}{3\sqrt{3}}\left(\frac{2\sqrt{2}}{3\sqrt{3}}\right)\left(\frac{4\sqrt{3}}{9}\right)\left(\frac{2\sqrt{6}}{9}\right)}$。计算得到，$S = \frac{4\sqrt{3}}{3}$，所以答案是A。
69,袋中有5个⽩球，3个红球，从中任意抽取4个球恰好抽到3个⽩球的概率,4/5,3/4,3/7,1/2,C,C. 3/7
70,下⾯⼏何体中，过轴的截⾯⼀定是圆⾯的是,圆台,圆柱 ,圆锥,球,D,A. 圆台
71,已知四棱锥S-ABCD的底面是中心为O的正方形，且SO$\prep$底面ABCD，$SA=2\sqrt{3}$，那么当该棱锥的体积最大时，它的高为,$\sqrt{3}$,1,2,3,C,题目中已知四棱锥S-ABCD的底面是中心为O的正方形，且SO与底面ABCD重合，且SA=2$\sqrt{3}$。要求棱锥的体积最大时，它的高为多少。解题思路：正方形的对角线为$SO$，其长度为$SA+AO=2\sqrt{3}+AO$。为了使棱锥的体积最大，需要使$AO$最大。而当O为正方形中心时，$AO$达到最大值，即$AO=SO$。所以，当棱锥的高为$SO$时，棱锥的体积最大。计算$SO$的长度：$SO^2 = SA^2 + AO^2 = (2\sqrt{3})^2 + AO^2 = 12 + AO^2$由于$AO$是正方形的对角线，其长度为$\sqrt{2} \times \sqrt{4}=2\sqrt{2}$，代入得：$SO^2 = 12 + (2\sqrt{2})^2 = 12 + 8 = 20$$SO = \sqrt{20} = 2\sqrt{5}$所以，棱锥的高为$2\sqrt{5}$。综上，答案为：D. 3。
72,函数$f(x)=\pi x +log_{2}x$的零点所在的区间为,"[0,1/8]","[1/2, 1]","[1/8, 1/4]","[1/4, 1/2]",D,"首先，我们需要找到函数$f(x) = \pi x + \log_2 x$的零点，即求解$x$使得$f(x) = 0$。计算函数在各个区间端点的值：$f(0) = \pi(0) + \log_2(0) = 0$$f(1/2) = \pi(1/2) + \log_2(1/2) \approx 0.628$$f(1/4) = \pi(1/4) + \log_2(1/4) \approx 0.176$$f(1/8) = \pi(1/8) + \log_2(1/8) \approx -0.454$根据这些值，我们可以看出函数在[0, 1/2]区间内从正数变为负数，因此零点在这个区间内。所以，正确答案是 B. [1/2, 1]。"
73,若复数m(m-2)+(m^2-3m+2)i是纯虚数，则实数m的值为,0或2,0,2,1或2,B,A. 0或2
74,复数$(i(2+i)/(1-2i))$等于,-i,i,-1,1,C,首先，我们需要将复数表达式化简：$$i\left(\frac{2+i}{1-2i}\right)$$为了消除分母中的虚数单位 $i$，我们可以将分子和分母都乘以分母的共轭复数 $1+2i$：$$i\left(\frac{2+i}{1-2i}\right) = i\left(\frac{(2+i)(1+2i)}{(1-2i)(1+2i)}\right)$$接下来，我们计算分子和分母的乘积：$$i\left(\frac{(2+i)(1+2i)}{(1-2i)(1+2i)}\right) = i\left(\frac{2+2i+2i+1}{1-2i-2i-4i^2}\right)$$将分子分母进行相应的虚数单位 $i$ 的运算，得到：$$i\left(\frac{2+4i-1}{1-8(-1)}\right) = i\left(\frac{3+4i}{9}\right)$$继续化简，得到：$$i\left(\frac{1+12i}{9}\right)$$最后，将分子和分母相乘，得到：$$i\left(\frac{1}{9} + \frac{12}{9}i\right)$$将实部和虚部相加，得到：$$\frac{1}{9} - \frac{12}{9}i$$比较这个结果与选项，发现它并不匹配。因此，我们需要回到之前的步骤，检查我们的计算是否正确。重新检查计算，我们发现在之前的计算中，我们错误地将分母的共轭复数乘给了分子，实际上应该将分子乘以分母的共轭复数。因此，我们应该得到：$$i\left(\frac{2+i}{1-2i}\right) = i\left(\frac{(2+i)(1+2i)}{(1-2i)(1+2i)}\right)$$正确计算后，我们得到：$$i\left(\frac{2+2i+2i+1}{1-2i-2i-4i^2}\right) = i\left(\frac{5+8i}{1+8}\right)$$继续化简，得到：$$i\left(\frac{5+8i}{9}\right)$$将分子和分母相乘，得到：$$i\left(\frac{1}{9} + \frac{8}{9}i\right)$$这个结果与之前的计算相同，即它不等于任何一个给定的选项。因此，我们不能确定这个复数等于哪个选项。
75,"已知两条平行直线l_1: 3x-4y+a=0, l_2: 6x-8y+10=0的距离为2，则a等于","-5,15","10,5","-5,10","-15,5",A,"C. -5,10"
76,"若$\overrightarrow{a}=(x,3),\overrightarrow{b}=(x,-2)$，则“$x=\sqrt{6}$”是“$\overrightarrow{a}\bot \overrightarrow{b}$”的",既不充分也不必要条件,必要而不充分条件,充分必要条件,充分而不必要条件,B,B. 必要而不充分条件
77,若回归直线的⽅程为y=2-1.5x，则变量x增加⼀个单位时,y 平均增加1.5个单位,y 平均减少2个单位 ,y 平均减少1.5个单位 ,y 平均增加2个单位,C,A. y 平均增加1.5个单位
78,将⼀个⻓⽅体切去3个顶⻆，得到的物体有多少个⾯,9,8,6,7,A,B. 8
79,"已知$\tan\alpha=1/4$, $\tan(\alpha-\beta)=1/3$，则$\tan\beta=$",-1/13,1/13,-11/7,7/11,A,B. 1/13
80,等差数列{a_N}中，若$a_2+a_3=4$，$a_4+a_5=6$，则$a_9+a_{10}=$,11,12,10,9,A,B. 12
81,"设三角形ABC的内角A，B，C所对边长分别是a，b，c，且b=3, c=1, A=2B，则a=",$\sqrt{3}$,$2\sqrt{3}$,2,$\sqrt{3}/2$,B,B. $2\sqrt{3}$
82,条件p:(x-2)^2<=1，条件q:2/(x-1)>=1，则p是q的,充要条件 ,充分不必要条件,既不充分也不必要条件,必要不充分条件,D,C. 既不充分也不必要条件
83,"设$\bigtriangleup ABC$的内角A，B，C所对边的长分别是a，b，c，若$\angle C=120^{\circ }, c=\sqrt{2}a$，则",A与B的大小关系不能确定,$A\gt B$,A=B,$A\lt B$,B,A
84,使$log_{2}a>log_{3}27成立的a的取值范围是,"(8, \inf)","(9, \inf)","(3, \inf)","(0, \inf)",A,"C. (3, \inf)"
85,投一颗骰子，设A为“出现2点”，B为“出现奇数点”，则P(A+B)=,1/6,5/6,2/3,1/3,C,B. 5/6
86,若椭圆$x^2/m+y^2/8=1$的焦距为2，则m的值为,7,9,9或16,9或7,D,D. 9或7
87,展开式中，x的系数为$\left( x-\frac{2}{x} \right)^{5}$,20,5,40,10,C,C. 40
88,"已知幂函数y=f(x)的图像过点$(-\frac{1}{2},-\frac{1}{8})$,则$log_{2}f(4)$的值为",4,6,3,-6,B,"由于题目中只给出了函数的图像过点$(-\frac{1}{2},-\frac{1}{8})$,并不能直接确定函数的具体形式，因此我们需要利用该点的信息来求解。首先，幂函数的一般形式为$y=ax^n$，其中$a$和$n$为常数，且$a\neq 0$。根据题目的信息，当$x=-\frac{1}{2}$时，$y=-\frac{1}{8}$，将这些值代入上述公式，得到$-\frac{1}{8}=a\left(-\frac{1}{2}\right)^n$。由于我们需要求解$log_{2}f(4)$，即求解$f(4)$，因此我们需要知道$f(x)$的另一个值。然而，由于我们只有一个点，无法确定函数的形状，因此我们无法直接求解出$f(4)$的值。然而，根据题目中的选项，我们可以看到，只有B选项6符合题目的要求，即$log_{2}f(4)=log_{2}6$。由于6的2次方等于36，所以$log_{2}6=2$，因此，正确答案为B. 6。"
89,"已知 $a\gt 0,a\neq 0$，则$a^{0}+log_{a}a=$",1,2,a,0,B,C. a
90,"等⽐数列中a1=8,a2=64,则公⽐q为",8,3,4,2,A,B. 3
91,若数列{a_n}满足a_{s+1}=1-1/a_s，且a_1=2，则a_2010等于,-1,1,3/2,1/2,A,C. 3/2
92,函数y=\sqrt{3-log_{2}x}的定义域为,"(0,9]","(-inf,27]","(0,27]","(-inf, 9]",C,"正确答案是：D. (-∞, 9]."
93,"已知集合A={1,2,3,4}，B={y|y=3x-5, x\in A}，则$A\cap B$ =","{1,2}","{1,4}","{2,4}","{3,4}",B,"首先，我们需要找出集合B中的元素。根据给定的集合A和方程y=3x-5，我们可以计算B的元素。将集合A中的值代入方程y=3x-5，我们得到：对于x=1，y=3(1)-5 = -2对于x=2，y=3(2)-5 = 1对于x=3，y=3(3)-5 = 4对于x=4，y=3(4)-5 = 9因此，集合B的元素为{-2, 1, 4, 9}。接下来，我们求A和B的交集，即A∩B。A∩B = {1, 2, 3, 4} ∩ {-2, 1, 4, 9}这个交集包含了集合A和集合B中共同的元素，即1、2、4。所以，正确答案是 A. {1,2}。"
94,函数y=sin(x)^(sin(\pi/2+x) 的最小正周期是,2\pi,\pi/2,4\pi,\pi,D,A. 2π
95,若A与B相似，则,|A|=|B|,A，B都和同一对角矩阵相似,A，B都有相同的特征向量,$A-\lambda E=B-\lambda E$,A,由于没有给出相似矩阵的定义，无法判断各选项的正确性，但可以分析一下：A选项，若$A$与$B$相似，则$|A|=|B|$，这个选项不正确，相似矩阵不一定模长相等。B选项，若$A$与$B$相似，$A$、$B$不一定与同一对角矩阵相似，相似矩阵要求相似比不变，对角矩阵的相似需要对应元素相等。C选项，若$A$与$B$相似，则$A$、$B$有相同的特征向量，这个选项正确，相似矩阵有相同的特征值，所以有相同的特征向量。D选项，若$A$与$B$相似，则$A-\lambda E=B-\lambda E$，这个选项正确，由相似矩阵的性质，加上常数倍$E$，两矩阵相等。综上所述，正确答案是C、D。
96,{语⽂，数学，英语，体育}$\cup${语⽂，数学，英语，历史，地理}是,{语⽂，数学，英语},空集 ,{历史，地理，体育} ,{语⽂，数学},A,D. {语⽂，数学}
97,不等式$(x^2-x-6)/(x-1)>0$的解集为,(x|x<-2或x>3},{x|-2<x<1或x>3},{x|-2<x<1或1<x<3},{x|x<-2或1<x<3},B,首先，我们要解这个不等式。首先找到它的零点，即分母为0的点，即x-1=0，得到x=1。然后将数轴分为三个区间：x<1，1<x<2，x>2。在每个区间内选择一个测试点，代入不等式中进行判断。当x<1时，选择x=0，得到(0^2-0-6)/(0-1) = -6，满足不等式。当1<x<2时，选择x=1.5，得到(1.5^2-1.5-6)/(1.5-1) = -2，不满足不等式。当x>2时，选择x=3，得到(3^2-3-6)/(3-1) = 0，不满足不等式。综上所述，不等式在区间(x<1)和(x>2)上成立，即解集为x<1或x>2，结合选项，答案为A：{x|x<-2或x>3}。
98,设$\bigtriangleup ABC$的内角A，B，C所对边的长分别是a，b，c，且b=3，c=1，A=2B，则a=,2,$\sqrt{3}$,$2\sqrt{3}$,\frac{\sqrt{3}}{2},C,B. $\sqrt{3}$
99,已知复数z满足(1-i)z=2，则z为,-1-i,1-i,-1+i,1+i,D,B. 1-i
100,"记S_n为等差数列a_n的前n项和，若a_2=3,a_3=9,则S_6为",32,28,24,36,D,B
101,"已知集合$A=\left\{ (x,y)|x^{2}+y^{^{2}}\le 3,x\in Z,y\in Z \right\}$，则A中元素的个数为",9,5,4,8,A,B. 5
102,复数$\frac{2i}{1-i}$,1+i,1-i,-1+i,-1-i,C,复数$\frac{2i}{1-i}$可以通过共轭数除法化简：$$\frac{2i}{1-i} \cdot \frac{1+i}{1+i} = \frac{2i(1+i)}{(1-i)(1+i)} = \frac{2i+2i^2}{1-i^2} = \frac{2i-2}{2} = -1+i$$所以答案是：C. -1+i。
103,两位到北京旅游的外国游客要与2008奥运会的吉祥物福娃（5个）合影留念，要求排成⼀排，两位游客相邻且不排在两端，则不同的排法共有,720,480,1440,960,D,B. 480
104,"已知$\Omega=\left\{ (x,y)|x+y\le 8,x\ge 0,y\ge 0 \right\},A=\left\{ (x,y)|x\le 2,y\ge 0,3x-y\ge 0 \right\}$，若向区域$\Omega$上随机投1个点P，则点p落入区域A的概率为",$\frac{7}{16}$,$\frac{3}{4}$,$\frac{3}{16}$,$\frac{1}{4}$,C,C. $\frac{3}{16}$
105,"已知集合A={x|x\ge 0},B={0,1,2}，则",$A\cup B=B$,"$A={x|x\ge 0},B={0,1,2}$",$B\subsetneq A$,$AIB=\emptyset $,C,B
106,使$log_{2}a>log_{3}27$成⽴a的取值范围是,"$(3,+\infty )$","$(8,+\infty )$","$(0,+\infty )$","$(9,+\infty )$",B,"D. $(9,+\infty )$"
107,若⼲个棱⻓为2、3、5的⻓⽅体，依相同⽅向拼成棱⻓为90的正⽅体，则正⽅体的⼀条对⻆线贯穿的⼩⻓⽅体的个数是,64,70,68,66,D,B. 70
108,函数f(x)=ln(x)-1/x的零点所在的区间为,"(2,3)","(1,2)","(0,1)","(3,4)",B,"B. (1,2)"
109,设甲：x=1 ⼄：$x^{2}-3x+2=0$,甲是⼄的充分条件，但不是⼄的必要条件,甲是⼄的必要条件，但不是⼄的充分条件 ,甲是⼄的充分必要条件 ,甲不是⼄的充分条件，也不是⼄的必要条件,A,B. 甲是⼄的必要条件，但不是⼄的充分条件
110,"若函数$f(x)=log_{2}(1+x)-log_{2}(1-x)$在[a,b]上的最大值与最小值之和恰为0，则实数a,b满足",-1<=a<b<=1且a+b=0,-1<a<b<1且a+b=0,a<b且a+b=0,a=b=0,C,B. -1<a<b<1且a+b=0
111,"在$\bigtriangleup ABC$中，$a=2, b=\sqrt{2}, \angle A=\frac{\pi}{4}$，则$\angle B=$",$\frac{\pi}{6}$或$\frac{5\pi}{6}$,$\frac{\pi}{3}$或$\frac{2\pi}{3}$,$\frac{\pi}{6}$,$\frac{\pi}{3}$,C,解：根据题意，三角形ABC为直角三角形，且 $\angle A = \frac{\pi}{4}$，则 $\angle C = \frac{\pi}{2} - \angle A = \frac{\pi}{2} - \frac{\pi}{4} = \frac{\pi}{4}$。由三角形内角和为$\pi$，可得 $\angle B = \pi - \angle A - \angle C = \pi - \frac{\pi}{4} - \frac{\pi}{4} = \frac{3\pi}{4}$。故答案为：C. $\frac{\pi}{6}$。
112,"在⻓⽅体$ABCD-A_{1}B_{1}C_{1}D_{1}$中$AB=BC=1,CC_{1}=2$ ，则$AC_{1}=$",$\sqrt{6}$,$\sqrt{2}$,$\sqrt{5}$,2,A,C. $\sqrt{5}$
113,$cos(-19\pi/6)=$,-1/2,1/2,\sqrt{3}/2,-\sqrt{3}/2,D,答案是：B. 1/2。
114,$(x-2/x)^7$的展开式中x^3的系数为,42,84,168,21,B,C. 168
115,设A，B为同阶可逆方阵，则下列等式中错误的是,|AB|=|A||B|,(A+B)-1=A-1+B-1,$(AB)^{T}=B^{T}A^{T}$,(AB)-1=(B-1)(A-1),B,题目：设$A，B$为同阶可逆方阵，则下列等式中错误的是A. $|AB|=|A||B|$B. $(A+B)-1=A-1+B-1$C. $(AB)^{T}=B^{T}A^{T}$D. $(AB)^{-1}=(B-1)(A-1)$答案是：D
116,"已知集合A={0,1,2}，B={2,3}，则集合$A\cup B = $ ","{0,1,3}","{0,1,2,3}","{1,2,3}",{2},B,"B. {0,1,2,3}"
117,"在三角形ABC中，$a=2\sqrt{2}$，$B=\pi /4$, $\angle = \pi /3$，则b=",$5\sqrt{3}/3$,$3\sqrt{3}/2$,$5\sqrt{3}/4$,$4\sqrt{3}/3$,D,B. $3\sqrt{3}/2$
118,下列对象不能组成集合的是,本班数学成绩较好的同学,不⼩于0的所有偶数,直线y=2x-1上所有的点,不等式x+2>0的解集全体,A,A
119,"下列函数中，既是偶函数又在区间$(0,+\inf)$上单调递增的是",$y=x^2-1$,$y=-x$,$y=\cos(x)$,$y=x^4$,A,"A. $y=x^2-1$解析：偶函数要求$f(-x)=f(x)$，单调递增要求在定义域内$f'(x)>0$。A选项的函数不是偶函数，排除。B. $y=-x$解析：是偶函数，在定义域$x\neq 0$上单调递增，满足题意。C. $y=\cos(x)$解析：是偶函数，但在$(0,+\inf)$上不是单调递增的，排除。D. $y=x^4$解析：是偶函数，但在$(0,+\inf)$上不是单调递增的，排除。综上所述，正确答案是B。"
120,已知双曲线$\frac{x^{2}}{4}-\frac{y^{2}}{12}=1$上一点M的横坐标是3，则点M到双曲线左焦点的距离是,4,$2(\sqrt{7}+1)$,$2(\sqrt{7}-1)$,8,D,"首先，我们要找到双曲线的左焦点的坐标。对于一个双曲线$\frac{x^2}{a^2}-\frac{y^2}{b^2}=1$，其焦点的坐标为$(-c,0)$，其中$c=\sqrt{a^2+b^2}$。对于这个问题，我们有$a^2=4$和$b^2=12$，所以$c=\sqrt{4+12}=2\sqrt{3}$，双曲线的左焦点的坐标为$(-2\sqrt{3},0)$。接下来，我们要找到点M到双曲线左焦点的距离。这个距离可以使用点到直线的距离公式来计算，即$d=\frac{|Ax+By+C|}{\sqrt{A^2+B^2}}$，其中直线方程为$Ax+By+C=0$。对于双曲线$\frac{x^2}{4}-\frac{y^2}{12}=1$，其标准形式为$x^2-3y^2=4$，所以直线方程为$x-3y^2=0$。将点M的横坐标3代入直线方程，我们得到$3-3y^2=0$，解得$y^2=\frac{1}{3}$，所以$y=\pm\frac{1}{\sqrt{3}}$。将$y=\frac{1}{\sqrt{3}}$代入直线方程，得到点M的坐标为$(3,1)$。现在，我们可以计算点M到双曲线左焦点的距离：$d=\frac{|x-3y^2|}{\sqrt{1^2+(-3)^2}}=\frac{|3-3\cdot\frac{1}{\sqrt{3}}|}{4}=\frac{3-\sqrt{3}}{\sqrt{3}}=\frac{3\sqrt{3}-3}{\sqrt{3}}=\sqrt{3}-1$我们发现，这个距离与选项C $2(\sqrt{7}-1)$相匹配。所以，答案是C。"
121,"在等比数列$\left\{ a_{n} \right\}$中，$a_{n}\gt 0(n\in N^{*})$且$a_{4}=4,a_{6}=16$，则数列$\left\{ a_{n} \right\}$的公比q是",2,1,4,3,A,C. 4
122,"若函数f(x)的图象经过(0,-1)，则函数y=f(x+4)的反函数的图象经过点","(-1,-4)","(-4,-1)","(0,-1)","(1,-4)",A,"B. (-4,-1)"
123,"设$x,y \in R$，且x+y=3，则3^x+3^y的最小值是",6\sqrt{3},18\sqrt{3},4\sqrt{3},0,A,由于题目要求求解3^x+3^y的最小值，我们可以利用到AM-GM不等式（算术平均数-几何平均数不等式），对于任意非负实数a和b，有：a + b >= 2*sqrt(ab)，令a = 3^x，b = 3^y，我们可以得到：3^x + 3^y >= 2*sqrt(3^x * 3^y) = 2*sqrt(3)当且仅当x=y时，等号成立，所以3^x+3^y的最小值是2*sqrt(3)。所以答案是C. 4*sqrt(3)。
124,在抽查产品的尺⼨过程中，将其尺⼨分成若⼲组，[3.5，6)是其中的⼀组，抽查出的个体在该组上的频率为0.2，该组上的直⽅图的⾼为h，则h为,0.1 ,0.2,0.05,0.08,D,B. 0.2
125,"下列函数中，周期是$\pi$，且在$[0,\pi/2]$上的减函数是",$y=\sin(2x)$,$y=\cos(2x)$,$y=\sin(x+\pi/4)$,$y=\cos(x+\pi/4)$,B,"首先，我们需要找到周期为$\pi$的函数，即满足$2\pi=k\pi$的函数，其中$k$是整数。选项A: $y=\sin(2x)$对于$\sin(2x)$，它的周期是$\pi$，满足条件。选项B: $y=\cos(2x)$对于$\cos(2x)$，它的周期是$\pi$，满足条件。选项C: $y=\sin(x+\pi/4)$这个函数的周期是$\pi$，但在$[0,\pi/2]$上不是减函数。选项D: $y=\cos(x+\pi/4)$这个函数的周期是$\pi$，且在$[0,\pi/2]$上是减函数。因此，正确答案是选项D。"
126,"已知$\tan\alpha=-3$, 则$\sin2(\alpha+\pi/4)=$",3/5,-4/5,4/5,-3/5,B,C. 4/5
127,"已知三角形ABC的内角A，B，C的对边分别为a,b,c，若a^2=b^2+c^2-bc，则A=",pi/3,pi/6,2pi/3,pi/4,A,A. pi/3
128,"集合A={1,2,3,4}的真⼦集个数为",15,10,11,14,C,B. 10
129,"下列向量中与a=(1,1,-1)正交的向量是","$a_{2}=(-1,1,1)$","$a_{1}=(1,1,1)$","$a_{4}=(0,1,1)$","$a_{3}=(1,-1,1)$",C,"答案是：D. $a_{3}=(1,-1,1)$。"
130,⽅程$x^2+2x-8=0$的解集⽤列举法表示为,"{2,-4}","-4 ,2 ","{4,-2} ","4,-2",A,"B. -4, 2"
131,如果在等差数列{a_n}中，a_3+a_4+a_5=12，那么a_1+a_2+a_3+…+a_7=,28,21,14,36,A,A. 28
132,"$\bigtriangleup ABC$ 中，若a=2, b+c=7, cosB=-1/4，则sinA=",$\frac{3}{4}$,$\frac{5}{8}$,$\frac{\sqrt{15}}{8}$,$\frac{\sqrt{5}}{4}$,C,B. $\frac{5}{8}$
133,设l，m是两条不同的直线，$\alpha$是一个平面，则下列命题正确的是,"若$l//\alpha, m\subset \alpha$，则$l// m$","若$l//\alpha, m//\alpha$，则$l// m$","若$l\bot m, m\subset \alpha$，则$l\bot \alpha$","若$l\bot \alpha, l//m$，则$m\bot \alpha$",D,"B. 若$l//\alpha, m//\alpha$，则$l// m$"
134,"计算机执行 a=8, b=5, a=a+b, b=a-b, print a,b 程序段后，输出的结果为","8,5","13, 8","3, 13","13, 3 ",B,"B. 13, 8"
135,下列函数中，为偶函数的是,$y=log_{3}{x}$,$y=3x^{2}-1$,$y=x^{3}-3$,$y=3^{x}$,B,B
136,"双曲线$\frac{x^{2}}{a^{2}}-\frac{y^{2}}{b^{2}}=1 (a\gt 0, b\gt 0)$的离心率为$\sqrt{3}$，则其渐近方程为",$y=\pm \frac{\sqrt{2}}{2}$,$y=\pm \sqrt{2}x$,$y=\pm \sqrt{3}x$,$y=\pm \frac{\sqrt{3}}{2}$,B,离心率e的定义为双曲线中心到焦点的距离与双曲线中心到原点的距离之比，即$e=\frac{c}{a}$，其中c为焦距，a为横轴长度。根据题目，有$e=\sqrt{3}$，所以$c=a\sqrt{3}$。渐近线方程为$y=±\frac{b}{a}x$，利用$a$和$b$的关系，我们有$b=\sqrt{a^2-c^2}=\sqrt{a^2-(a\sqrt{3})^2}=a\sqrt{3}$。代入得到渐近线方程为$y=±a\sqrt{3}x$，化简得$y=±\sqrt{3}x$。所以正确答案是C. $y=\pm \sqrt{3}x$。
137,"若x>0,y>0，且1/x+9/y=1，则x+y的最小值是",16,13,12,20,A,D. 20
138,y=log_{3}(6-x-x^2)的单调递减区间为,"[-1/2,inf)","(-inf,-1/2]","(-3,1/2]","[-1/2,2)",D,"首先，我们要找到函数的定义域，即当6-x-x^2大于0时，函数有实数解。解这个不等式得到x的取值范围为-3小于x小于1/2。接下来，我们求函数的导数y'，即y=log_{3}(6-x-x^2)的导数。通过对数函数和反函数的导数公式应用，我们得到y'=-1/(x-1)(x+2)。然后，我们要找到导数小于0的区间，即y'的取值范围。解这个不等式得到-2小于x小于1。最后，我们结合函数的定义域和导数的取值范围，得到函数的单调递减区间为(-3,1/2]。所以，正确答案是C。"
139,我省⾼中学校⾃实施素质教育以来，学⽣社团得到迅猛发展．某校⾼⼀新⽣中的五名同学打算参加“春晖⽂学社”、“健身俱乐部”、“篮球之家”、“围棋苑”四个社团．若每个社团⾄少有⼀名同学参加，每名同学必须参加且只能参加⼀个社团，且同学甲不参加“围棋苑”，则不同的参加⽅法的种数为,180,108,72,216,A,B. 108
140,过圆锥的⾼的三等分点作平⾏于底⾯的截⾯，它们把圆锥侧⾯分成的三部分的⾯积之⽐为,1：2：4,1：3：5 ,1：3：9,1：2：3 ,B,B. 1：3：5
141,"集合A={1，2,3, 4, 5},集合B={x| x2=9}，A∩B是","{ 2, 3, 5} ",{3} ,"{ -3， 3, } ","{ 1，2, 3} ",B,B. {3}
142,"已知f(x)是定义域为$(-\infty ,+\infty )$的奇函数，满足f(1-x)=f(1+x)。若f(1)=2，则f(1)+f(2)+f(3)+...+f(50)等于",-50,0,2,50,C,C. 2
143,"已知定义在R上的偶函数f(x)，满足f(4+x)=f(x)，且在区间[0,2]上是增函数，那么f(0)<0是函数f(x)在区间[0,6]上有3个零点的",充分⽽不必要的条件 ,既不充分也不必要的条件,充要条件 ,必要⽽不充分的条件,D,C. 充要条件。
144,"若向量 a=(1,m)，b=(-2,4) ，且 a*b=-10，则m=",-2,-4,4,1,A,B. -4
145,在长方体$ABCD-A_{1}B_{1}C_{1}D_{1}$中，AB=BC=1，$AA_{1}=\sqrt{3}$，则异面直线$AD_{1}$与$DB_{1}$所成角的余弦值为,$\frac{1}{5}$,$\frac{\sqrt{5}}{6}$,$\frac{\sqrt{2}}{2}$,$\frac{\sqrt{5}}{5}$,D,选项D. $\frac{\sqrt{5}}{5}$。
146,已知双曲线 x^2/4-y^2/12=1 上的一点M的横坐标是3，则点M到双曲线左焦点的距离是,4,2(\sqrt{7}-1),8,2(\sqrt{7}+1),C,B. 2(\sqrt{7}-1)
147,"若f(x)=cosx-sinx在[-a,a]上是减函数，则a的最大值是",$\frac{3\pi}{4}$,$\frac{2\pi}{2}$,$\frac{\pi}{4}$,$\frac{\pi}{2}$,C,"首先，我们要求出函数f(x)=cosx-sinx在[-a,a]上的导数，即f'(x)。利用三角恒等式，我们可以将cosx-sinx转换为一种形式，然后求导：f(x) = cosx - sinx = (1/2)sin(x) - (1/2)cos(x) = (1/2)sin(x - π/4)所以，f'(x) = (1/2)cos(x - π/4)。为了使f(x)在[-a,a]上为减函数，我们需要f'(x)≤0在[-a,a]上。将f'(x)的不等式进行变形，我们得到：(1/2)cos(x - π/4) ≤ 0解这个不等式，我们得到：cos(x - π/4) ≤ 0由于cos(x) ≤ 0的解在[-π/2, π/2]上，所以cos(x - π/4) ≤ 0的解在[-π/4, π/4]上，即-π/4 ≤ x - π/4 ≤ π/4。将这个范围转换为x，我们得到：-π/4 + π/4 ≤ x ≤ π/4 + π/4即：0 ≤ x ≤ π/2所以，-a ≤ 0，即a ≥ 0；a的最大值是π/2，即选项D。"
148,"设$\bigtriangleup ABC$的内角A，B，C所对边的长分别是a，b，c，若$b cosC+ccosB=2asinB, a^{2}+c^{2}-b^{2}=6$，则$\bigtriangleup ABC$的面积为",$\frac{\sqrt{3}}{3}$,$\frac{4\sqrt{3}}{3}$,$\frac{8\sqrt{3}}{3}$,$\frac{\sqrt{3}}{2}$,D,B. $\frac{4\sqrt{3}}{3}$
149,"已知幂函数y=f(x)的图像过点(-1/2,-1/8)，则log2 f(4)的值为",-6,6,4,3,B,A. -6
150,在空间中，下列命题正确的是,平行与同一平面的两条直线平行,垂直与同一直线的两条直线平行,垂直与同一平面的两条直线平行,平行与同一直线的两个平面平行,C,C. 垂直与同一平面的两条直线平行。
151,⽤性质描述法表示第⼀象限的所有点的集合,"{(x,y)|x<0,y>0}","{(x,y)|x<0.y<0}","{(x,y)|x>0,y>0}","{(x,y)|x>0,Y<0} ",C,"A. {(x,y)|x<0,y>0}"
152,椭圆x^2/4+y^2=1的焦点坐标为,"(0,\pm\sqrt(2))","(\pm\sqrt(3), 0)","(0, \pm\sqrt(3)/2)","(\pm\sqrt(3)/2, 0)",B,"椭圆的方程是x^2/4+y^2=1，这是一个水平椭圆，其焦距为2c，中心在原点。c的计算公式为 c = sqrt(a^2 - b^2)，其中a^2是椭圆长轴的平方，b^2是短轴的平方。在这个椭圆中，a^2 = 4，b^2 = 1，所以c = sqrt(4 - 1) = sqrt(3)。因此，焦点的坐标为 (0, ±sqrt(3))，所以正确答案是A。"
153,⽤性质描述法表示全体偶数,{x|x=2k} ,{x|x=2k+1} ,{x|x=2k， K是⾃然数},"{x|x=2K,K是正整数} ",C,"D. {x|x=2K,K是正整数}"
154,若直线x+y+m=0与圆$x^{2}+y^{2}=m$相切，则m=,2,$\sqrt{2}$,无解,0或2,A,D. 0或2
155,抛物线y^2=10x的焦点到准线的距离是,15/2,10,5/2,5,D,B. 10
156,已知函数$f(x)=ln(x)+ln(4-x)$，则,"f(x)在(0,4)单调递减",y=f(x)的图像关于直线x=2对称,"f(x)在(0,4)单调递增","y=f(x)的图像关于点(2,0)对称",B,"首先分析选项A，要判断f(x)在(0,4)单调递减，需要计算其导数并判断导数的正负。计算得f'(x) = 1/(x-4)，当x在(0,4)时，x-4 < 0，所以f'(x) > 0，即f(x)在(0,4)单调递增，选项A错误。接着分析选项B，要判断y=f(x)的图像关于直线x=2对称，需要判断f(2+x)与f(2-x)的关系。计算得f(2+x) = ln(2+x) + ln(4-2+x) = ln(2+x) + ln(2+x) = 2ln(2+x)，所以f(2+x) = f(2-x)，即y=f(x)的图像关于直线x=2对称，选项B正确。再分析选项C，由于在(0,4)区间内，f(x)单调递增，所以选项C错误。最后分析选项D，要判断y=f(x)的图像关于点(2,0)对称，需要判断f(4-x)与f(4+x)的关系。计算得f(4-x) = ln(4-x) + ln(4-4-x) = ln(4-x) + ln(4-x) = 2ln(4-x)，所以f(4-x) ≠ f(4+x)，即y=f(x)的图像关于点(2,0)不对称，选项D错误。综上所述，正确答案是选项B。"
157,"设$\bigtriangleup ABC$的面积是1，$AB=1, BC=\sqrt{2}, \angle B$为钝角，则AC=",2,$\sqrt{10}$,$\sqrt{5}$,1,B,B. $\sqrt{10}$
158,"对任意实数a(a>0, a\neq 1)，函数f(x)=a^{x-1}+3的图像必经过点","(2,5)","(5,2)","(4,1)","(1,4)",D,"由于函数f(x)=a^(x-1)+3，当x=1时，f(1)=a^(1-1)+3=4，当x=2时，f(2)=a^(2-1)+3=5，所以点(2,5)和(5,2)在函数的图像上，故正确答案为A、B。"
159,已知一个等差数列的首项为1，公差为3，那么该数列的前5项和为,35,20,30,10,A,A. 35
160,2位男⽣和3位⼥⽣共5位同学站成⼀排，若男⽣甲不站在两端，3位⼥⽣中有且只有两位⼥⽣相邻，则不同的排法总数共有,42,36,60,48,D,A. 42
161,设全集U={a，b，c，d，e，f}，A={a，c，e}，那么CuA=,"{a,b,c,d,e,f} ",空集,"{a,c,e} ","{b,d,f} ",D,"C. {a,c,e}"
162,"在三角形ABC中，若a=2, b+c=7, cosB=-1/4，则sinA=",\sqrt{5}/4,\sqrt{15}/8,5/8,3/4,B,B. \sqrt{15}/8
163,已知不等式|x-m|<1成立的充分不必要条件是1/4<x<1/2，则实数m的取值范围是,"[-1/2,5/4]","(-1/2,5/4)","[-5/4,1/2]","[5/4,+inf)",A,首先，我们来分析题目给出的不等式|x-m|<1。当x-m=1时，解得x=m+1；当x-m=-1时，解得x=m-1。不等式|x-m|<1等价于-1<x-m<1，进一步得到-m+1<x<m+1。已知1/4<x<1/2，那么可以得到-2/4+1<x<2/4，即-1/2<x<1/2，这与1/4<x<1/2相符。接下来，我们要求解m的取值范围，使得-1/2<x<1/2成立，并且这个范围是1/4<x<1/2的充分不必要条件。首先，我们考虑-1/2<x<1/2，那么有-1/2<m+1，即m>-3/2；同时，我们考虑1/4<x<1/2，那么有1/4<m-1，即m>5/4。所以，m的取值范围是m>5/4，即选项D。
