0,一般认为，望远镜是荷兰的商人发明的，而首位将望远镜用于天文观测的人是,哥白尼,牛顿,开普勒,伽利略,D,D. 伽利略
1,仙女星系M31未来会与银河系合为一体，预计汇合的时间约为,4000万年,400万年,400亿年,40亿年,D,C. 400亿年。
2,太阳的绝对星等是,8.6,-26.8,0,4.8,D,C. 0
3,110个梅西叶天体中，半数以上是,星云,星团,超新星遗迹,星系,B,A. 星云
4,在地球上观测周年日行迹的形状很像,1,0,8,S,C,A. 1
5,以下关于月球的事实哪个最有可能是巧合,月球总是固定的一面朝向地球,在地球上观测月球和太阳看上去差不多大,月球背面的环形山比正面多,月球公转轨道和地球的公转轨道面夹角很小,B,A. 月球总是固定的一面朝向地球
6,天狼星的绝对星等为1.5等，太阳的绝对星等与天狼星的绝对星等差（）等,1.5,7.1,-25.3,3.3,D,B. 7.1
7,2018年8月，系外行星凌星巡天卫星（TESS）观测到了一个星系的亮度变化，在数天时间内其视星等由19等增加到了16等。这是由一颗Ia型超新星爆发所导致的亮度变化，即ASASSN-18tb。假设这个超新星的前身星和参宿四（绝对星等-5等）非常相似，这个星系又很像银河系（大约包含2000亿颗类似太阳的恒星），那么该超新星爆发后亮度大约提升了（）倍,103,108,1011,106,B,B. 108解题过程如下：首先，我们知道Ia型超新星爆发的亮度变化与ASASSN-18tb相似，而ASASSN-18tb的亮度变化为19等增加到16等。假设星系像银河系一样包含2000亿颗类似太阳的恒星，其平均星等为-0.5等。由星等与亮度关系曲线可知，-0.5等恒星亮度约为1.55等。那么，该超新星爆发前的亮度为1.55等。现在要计算超新星爆发后亮度增加了多少倍，就是1.55 / 16 = 0.09625倍，即约0.1倍。由于星系中有2000亿颗恒星，所以这个超新星爆发后，其亮度大约提升了2000亿倍 - 1 = 1000倍。根据以上计算，答案是108。
8,以下哪颗行星没有卫星,火星,土星,木星,金星,D,D. 金星
9,以下哪两个星座的天区不相邻,狮子座和小狮座,大犬座和小犬座,双鱼座和鲸鱼座,飞马座和小马座,B,D. 飞马座和小马座
10,以下哪两个星座不是相邻的,牧夫座和猎犬座,猎户座和波江座,天琴座和天鹰座,南鱼座和宝瓶座,C,A. 牧夫座和猎犬座
11,以下哪种月相出现后不久，潮汐现象最为明显,残月,上弦月,新月,下弦月,C,D. 下弦月
12,已知织女星的表面温度约9600K，太阳的色指数B-V=0.63。一颗色指数B-V=1.2的主序星，表面温度约,4300K,6000K,28000K,15000K,A,B. 6000K
13,以下哪一项表述最接近人类目前对系外行星卫星的探测情况,系外行星卫星亮度太低，人类不可能探测到,最新发射的空间探测器将有能力探测系外行星卫星,已经探测到超过1万颗系外行星卫星,系外行星卫星不存在,B,B. 最新发射的空间探测器将有能力探测系外行星卫星
14,2019年1月3日，嫦娥四号探测器成功着陆在月球背面内（）的冯·卡门撞击坑内。随后，嫦娥四号着陆器与巡视器玉兔二号顺利分离，玉兔二号抵达月球表面。这是人类首次在月球背面成功软着陆和巡视探测的航天器,南极-艾特肯盆地,金牛-利特罗峡谷,东海盆地,坚忍环形山,A,A. 南极-艾特肯盆地
15,在2017年记录到的中微子来自一个名为TXS0506+056的星系。星系中心超大质量黑洞所产生的两道喷流中有一道正好对准了地球，它会产生辐射和高能粒子，其中就包括了这次探测到的中微子和带电宇宙线。记录此次数据的是,南极冰立方中微子天文台,地中海中微子天文台,钱德拉X射线天文台,康普顿伽马射线天文台,A,A. 南极冰立方中微子天文台
16,以下哪一项不是中国传统的天文仪器,浑仪,简仪,圭表,象限仪,D,D
17,我国第一个真正意义上的空间实验室是,天舟一号,天宫二号,天宫一号,神舟十一号,B,C. 天宫一号。
18,2022年1月，由中华人民共和国国务院新闻办公室发布的《2021中国的航天》白皮书中，透露了未来中国计划开展的深空探测任务。这不包括,小行星采样返回任务,火星采样返回任务,木星系探测任务,金星采样返回任务,D,D
19,一颗红巨星的温度为2500K，半径是太阳的100倍，距离10pc，已知该红巨星在可见光波段（400nm≤λ≤700nm）的辐射能量占总光度L的3.3%，假如一个100W灯泡发出总辐射能量的5%在可见光波段，灯泡在多少的距离上，肉眼看起来和红巨星一样亮,18km,10km,1.8km,7km,B,A. 18km
20,2019年唯一的一次日全食在哪个大洲可见,南美洲,亚洲,欧洲,非洲,A,B. 亚洲。解题过程：2019年8月7日至8月21日在亚洲地区发生日全食。所以答案为B。
21,以下彗星中，2017年回归近日点的是,55P/Tempel-Tuttle,2P/Encke,9P/Tempel,C/2013US10（Catalina）,B,A. 55P/Tempel-Tuttle
22,以下梅西叶天体中与银河系最相似的是,M87,M82,M32,M31,D,C. M32
23,人类最近一次观测到银河系内的超新星爆发是在哪一年,1604,2018,1987,1054,A,D. 1054
24,小猪佩奇很喜欢玩踩泥巴的游戏，它在地球上的最高纪录是可以让泥巴飞1m高。一天，它来到了一颗材质与地球相似的陌生星球旅行，又玩起了踩泥巴的游戏。只见它用力一踩，泥巴直冲云霄，刚好飞离星球，再也没有回来。那么这颗星球的质量约为,8.5×10^{24}kg,3.6×10^{18}kg,3.7×10^{14}kg,22×10^{19}kg,C,首先，我们根据题目信息可以知道，小猪佩奇在地球上的质量为1m³。然后，由于它在这个陌生的星球上玩踩泥巴的游戏，泥巴飞出了这颗星球，我们可以推断出这个星球的引力小于地球。再根据万有引力公式 F = G(m1 * m2) / d²，其中F是两个物体之间的引力大小，G是万有引力常数，m1和m2是两个物体的质量，d是两个物体之间的距离。因为小猪佩奇在地球上的质量为1m³，所以我们可以令F = G(1m³) / R²，其中R是这颗星球与地球的距离。由于两个星球的引力之比等于它们的质量之比，我们可以得到 R³ / R1² = M1 / M2 ，其中M1是地球的质量，M2是这颗星球的质量。解这个方程，我们得到 M2 = 3.7 × 10²⁴ kg。所以，这颗星球的质量约为 3.7 × 10²⁴ kg，选项为 C. 3.7×10²⁴kg。
25,木星的卫星中体积最大的是,木卫二,木卫三,木卫一,木卫四,B,B. 木卫三。
26,如果太阳风每秒从太阳表面吹出的粒子数是n=1×10^{36}，且因为核心氢的核聚变反应，太阳的质量也在同时减少，则太阳风与核聚变的质量损失率之比最接近的是。（已知：太阳光度3.8×10^{26}W，电子质量9.1×10^{-31}kg，质子质量1.7×10^{-27}kg。）,1:50,1:5,2:50,2:5,B,首先，我们要计算太阳风每秒吹出的质子数。由于1个电子的动量与1个质子的动量之比为1:184，1个太阳的光照面积为1.9×10^8km^2，所以太阳风每秒吹出的质子数为：n' = n / (3 * 1.9×10^8) = 1.39×10^6。然后，我们计算太阳质量损失率。太阳风与核聚变的质量损失率之比为：n' : ΔM_p / (ΔM_H + ΔM_p) = 1.39×10^6 : ΔM_p / (ΔM_H + ΔM_p)。我们计算太阳的质量损失率，得：ΔM_p = (n' * 9.1×10^-31) : (n' + ΔM_H) = 3.97×10^6。太阳的质量损失率也等于核聚变的质量损失率，即：ΔM_H = ΔM_p = 3.97×10^6。所以，太阳风与核聚变的质量损失率之比为：1.39×10^6 : 3.97×10^6 = 1:3。根据选项，这个比例最接近的是选项D：2:5。
27,氢元素在宇宙中不可能存在的形态包括,H2,HII,HI,HIII,D,D. HIII。
28,几条氢吸收线的实验室静止波长分别为410nm、434nm、486nm和656nm。天文学家对一个遥远的星系进行了光谱观测，观测结果显示这些相同谱线的波长分别为492nm、521nm、583nm和787nm。请问这个星系的退行速度是多少倍光速,0.16,0.22,0.2,0.18,D,解题过程如下：根据题目中给出的信息，可以得到以下关系：1. 星际距离 = 观测波长 - 退化速度 × 实际波长2. 实际波长 = 492nm，434nm，486nm和656nm3. 退化速度 = 星际距离 / 实际波长由第1式，我们可以得到：星际距离 = 492nm - 434nm = 58nm实际波长 = 486nm - 58nm = 428nm由第1式，我们可以得到：星际距离 = 434nm - 428nm = 6nm实际波长 = 410nm - 6nm = 354nm由第1式，我们可以得到：星际距离 = 486nm - 434nm = 52nm实际波长 = 486nm - 58nm = 428nm由第1式，我们可以得到：星际距离 = 656nm - 486nm = 170nm实际波长 = 434nm - 170nm = 264nm然后，我们用每个系统的星际距离除以各自实际波长，可以得到：星际距离 / 实际波长 = 492nm / 486nm = 1.2039521nm / 520nm = 1.0282656nm / 650nm = 1.0122787nm / 780nm = 1.0079根据以上结果，可以发现这个星系的退化速度固定为 1.2039，光速的倍数为 1.2039^4 = 1.8028，即 0.09575 倍光速。这个值接近于 0.16，所以答案为 A. 0.16。
29,1000颗6等星聚集在一起的星等近似（）等,-1.5,1,-0.5,6000,A,C. -0.5
30,目前得到确认的人类最古老的天文观象台是,位于中国北京的古观象台,位于中国临汾的陶寺遗址,位于中国安阳的殷墟遗址,位于英国威尔特郡的巨石阵,C,A. 位于中国北京的古观象台。
31,假设有一个遥远且与地球等同的系外行星上有着一个与地球等同的文明，如果那里的人们想通过测量地球大气的光谱来确定地球是否存在生命，他们所观测到的光谱中与类地生命相关的最为显著的谱线来自于,自由氧离子,中性氧原子,氧气分子,臭氧分子,D,C. 氧气分子。
32,以下关于银河系的说法正确的是,太阳位于银河系的英仙臂上,天文学家通过对恒星的观测发现银河系外盘有惊人的翘曲结构,银心黑洞的质量约为40万个太阳质量,银心位于半人马座方向,B,B. 天文学家通过对恒星的观测发现银河系外盘有惊人的翘曲结构C. 银心黑洞的质量约为40万个太阳质量D. 银心位于半人马座方向
33,下列哪个选项是日全食发生的北京时间,26/12/2019,21/06/2020,11/08/2018,03/07/2019,A,由于我是一个人工智能，我需要您提供天文学日全食 event 的具体日期才能查询对应的正确答案。
34,1838年，德国天文学家贝塞尔利用高自行的天鹅座61双星首次测得了恒星视差，观测表明它的视差为0.31″，距离我们约,100光年,10光年,310秒差距,1秒差距,B,B. 10光年
35,中国传统的二十四节气体系是根据哪一现象制定的,地球自转,月亮的周期视运动,太阳在黄道上的视运动,行星的会合周期运动,C,C. 太阳在黄道上的视运动。中国传统的二十四节气体系是根据太阳在黄道上的视运动制定的。这个体系反映了太阳在一年四季中的变化，因此被用来安排农业活动和气候预测。
36,在地球上观测，下列哪种情况不可能发生,火星比木星亮,行星中水星距离地球最近,一年出现3次金星大距,一年出现4次日食,A,D
37,以下哪个深空天体在天球上离天津四最近,M35,NGC7000,NGC7293,M27,B,C. NGC7293
38,在北纬30°地区观测，春分当天日落时黄道与地平线的夹角大约是,53°26′,83°26′,63°26′,23°26′,B,首先，我们需要知道春分时太阳直射赤道，赤道的纬度为0°。在北纬30°地区，春分时太阳直射纬度为60°N，所以我们可以得到黄道的纬度为60°N。其次，我们计算地平线的纬度。地平线以北纬为中心，所以地平线的纬度为55°N。然后，我们计算春分当天日落时黄道与地平线的夹角。纬度差为60°N - 55°N = 5°。所以夹角为5° × 180°/360° = 26.6°。最后，根据计算结果，春分当天日落时黄道与地平线的夹角大约是83°26'。所以，正确答案是B. 83°26'。
39,在观测场地，你会看到有的爱好者像海盗一样用眼罩挡着一只惯用眼，他们是在,锻炼眼睛的对焦能力,在各处走动时保护暗夜视力,观测途中让眼睛放松休息,在玩角色扮演游戏,B,A. 锻炼眼睛的对焦能力
40,2021年12月25日，哪一个空间望远镜顺利升空，计划在2022年5、6月份正式投入使用。（）,亚瑟·爱丁顿,问天,尤金·帕克,詹姆斯·韦布,D,B. 问天问天CXO是一台由中国科学院空间科学与应用研究中心研制的光学望远镜，于2021年12月25日顺利升空。它计划在2022年5、6月份正式投入使用。
41,最近一次金星西大距出现在今年,3月,2月,4月,5月,A,A. 3月
42,两个天体之间万有引力的大小，与它们的质量,成平方反比,成正比,成平方正比,成反比,B,C. 成平方正比
43,以下哪项不是公开发行的以天文爱好者为主要读者群的杂志,Astronomer,AstronomyNow,Sky&Telescope,天文爱好者,A,D
44,以下人造天体中轨道高度最高的是,地球同步轨道卫星,太阳同步轨道卫星,国际空间站,哈勃空间望远镜,A,D. 哈勃空间望远镜
45,2019年1月12日，中国天文学会和北京天文馆在京联合宣布启动国际天文学联合会（IAU）发起的“同一天空下”全球天文行动（中国大陆地区），以纪念IAU成立多少周年,60,200,80,100,D,A. 60
46,2017年6月15日，硬X射线调制望远镜在酒泉卫星发射中心发射升空，弥补了我国空间X射线探测的空白，这个望远镜名字是,悟空,墨子,天眼,慧眼,D,A. 悟空
47,设天顶距为z，在远离地平圈的天区，大气消光量近似正比于,cosz,1/cosz,1/tanz,sinz,B,选项B和选项C正确。在远离地平圈的天区，大气消光量近似正比于1/cosz。解题过程如下：记cosz值为C，则消光量Q与Q'=Q(1/C)。由双曲函数性质，1/C = e^(iz) + e^(-iz)，在远离地平圈，i=z。所以1/cosz = 1/iz + 1/z = e^(iz)/iz + e^(-iz)/z = e^(iz)/iz - e^(-iz)/z = (e^(iz) - e^(-iz))/iz。所以选项A错误，选项B正确。另外，当天区位于地平圈附近时，大气消光量近似正比于cosz。所以选项C也正确。综上所述，正确答案为B和C。
48,以下说法不正确的是,四川稻城的高海拔宇宙线观测站（LHAASO）主要探测宇宙线引发的大气簇射，目标是要探索高能宇宙线起源以及相关的宇宙演化、高能天体演化和暗物质等,2019年4月《天体物理学报通信》上刊登的文章称，根据哈勃空间望远镜的测量数据，宇宙膨胀的速度比科学家根据宇宙大爆炸后轨迹预测的膨胀速度要慢,一项新的研究证实，2019年4月25日LIGO探测到的引力波事件极可能是两个中子星合并的结果，该研究由LIGO及Virgo团队合作完成,019年7月，隼鸟2号第二次成功降落在“龙宫”上采集小行星地下样本，现在已带着珍贵的样本返航，计划于2020年年底返回地球,B,A. 四川稻城的高海拔宇宙线观测站（LHAASO）主要探测宇宙线引发的大气簇射，目标是要探索高能宇宙线起源以及相关的宇宙演化、高能天体演化和暗物质等
49,三月份日落后不久，你会先看到,春季大三角,秋季四边形,冬季大三角,夏季大三角,C,"C. 冬季大三角。在三月份，夜幕降临后，我们首先会看到冬季大三角，它由handle（ handle）和two stars in the raft组成。随后，会看到夏季大三角，它由vega, lyra, and polaris组成。在9月份，三边会消失，出现秋季四边形。这个问题的答案取决于观察时间和地理位置，但一般来说，三月份日落后不久，你会先看到冬季大三角。"
50,对以下说法正确与否的判断为。1.春分日白天的时长为12小时整；2.北半球，夏至日正午的太阳高度全年最高；3.秋分日的真太阳时与地方恒星时时刻差别在10分钟之内；4.在北京，冬至日的日落时刻全年最早,1个正确，3个错误,全部正确,2个正确，2个错误,3个正确，1个错误,A,B. 全部正确
51,如果一颗周年视差为0.0111角秒的恒星在5年内在星空中移动了0.1个角秒。那么它的切向速度最可能为（）km/s,2.8,8.5,6.1,4.3,B,首先，我们需要知道切向速度的公式，即v = Δθ/Δt * Δt，其中Δθ是周年视差，Δt是时间。根据题目，Δθ = 0.0111角秒，Δt = 5年 = 5*365.25日 = 1825.75日。将数据代入公式，v = 0.0111角秒/(1825.75日) * 1825.75日 = 0.005m/s = 0.005 * 3652.8 = 2.05km/s所以，这颗恒星的切向速度最可能为2.05km/s，选项最接近的是2.8km/s，所以答案是选项A。
52,以下四个流星雨中，2022年极大当天受月光干扰最严重的是,英仙座流星雨,双子座流星雨,宝瓶座η流星雨,象限仪座流星雨,A,A
53,以下哪项描述最不准确,中国计划2024年发射小行星采样返回器，一次性造访2-3颗太阳系小天体,俄罗斯将在2022年发射月球-27探测器，这将是时隔46年俄罗斯再次发射月球探测器,2022年1月，一个研究小组在《自然·天文学》杂志上公布他们在开普勒-1708b附近发现了一个系外卫星候选体,2021年年底，C/2021A1(Leonard)彗星突然爆发，增亮至3.5等,B,A
54,在地球表面观测，以下哪个波段的大气透过率最高,远红外,射电,可见光,近红外,B,C. 可见光
55,一般来说，形成稳定恒星的质量上限大约是150个太阳质量，那么形成稳定恒星的质量下限是（）个太阳质量,0.51,0.01,0.08,0.14,C,B. 0.01解释：稳定恒星形成时，其质量需要在一定范围内，这个下限是0.01个太阳质量，而上限是150个太阳质量。
56,2016年11月，中国芯级直径为5米的大型运载火箭“长征五号”从哪一个卫星发射中心首飞成功，同时还将“实践十七号卫星”直接送入了地球静止轨道,西昌,太原,酒泉,文昌,D,D. 文昌。
57,哪种类型的超新星可以作为测量星系距离的标准蚀光,Ib,II,Ia,Ic,C,C. IaIa型超新星常常可以作为测量星系距离的标准蚀光。它们是一种极为明亮的超新星，其亮度可以达到太阳的 100 倍，并持续几周至几个月。这种亮度下降的现象可以用来估计星系之间的距离。
58,在地球上的地球人和在火星上的“火星人”同时观测一颗恒星，与地球人的观测结果相比，以下描述正确的为,火星上观测到的“周年视差”小，“光行差”大,火星上观测到的“周年视差”小，“光行差”小,火星上观测到的“周年视差”大，“光行差”小,火星上观测到的“周年视差”大，“光行差”大,C,A. 火星上观测到的“周年视差”小，“光行差”大。
59,在地球上能观测到被月掩的2等及以上恒星有多少颗,21,18,12,7,D,A. 21
60,卡西尼号探测器预计在2017年晚些时候结束自己土星系统的探测任务。按照计划，它将以何种方式结束自己的探索任务,直接飞离太阳系,坠入土星,飞跃天王星，然后飞离太阳系,坠入土卫六,B,C. 飞跃天王星，然后飞离太阳系。
61,由于地球自转的不均匀性和长期变慢性，世界时与原子时的差需要人为闰秒来解决，正闰秒为协调世界时加1秒，负闰秒为其减1秒。2017年1月1日的闰秒已经是本世纪第5次闰秒。下列说法正确的是,其中有3次正闰秒2次负闰秒,其中有2次正闰秒3次负闰秒,5次均为负闰秒,5次均为正闰秒,D,B. 其中有2次正闰秒3次负闰秒。解题过程如下：- 2012年1月1日到2017年1月1日，地球共经历了5次闰秒，所以其中有2次正闰秒3次负闰秒。- 正闰秒是加1秒，负闰秒是减1秒。- 2017年1月1日的闰秒是第5次闰秒，所以是正闰秒。- 2012年1月1日到2013年1月1日，是一次闰秒，所以是正闰秒。- 2013年1月1日到2014年1月1日，是两次闰秒，所以是正闰秒。- 2015年1月1日到2016年1月1日，是三次闰秒，所以是正闰秒。- 2016年1月1日到2017年1月1日，是四次闰秒，所以是正闰秒。- 答案是B. 其中有2次正闰秒3次负闰秒。
62,下列四组行星中，此时角距离最近的是,水星和金星,金星和木星,火星和土星,火星和木星,C,D. 火星和木星
63,2019年5月，SpaceX公司通过一箭60星的方式将首批（）卫星送入太空，IAU表示这会对天文观测产生严重的影响,Starlink,Telesat,立方星,OneWeb,A,A. Starlink。
64,以下说法不正确的是,1923年，埃德温·哈勃通过测定M31内造父变星的光度并计算出距离，证明了M31是河外星系,太阳系位于直径约为10万光年的银河系的银盘上，距离中心大约25万光年,银河系以较差自转的方式自转，越靠近中心，旋转一周的时间越短,球状星团大多分布在银盘上，疏散星团主要分布在银晕中,D,"C. 银河系以较差自转的方式自转,越靠近中心,旋转一周的时间越短。这个选项不正确。银河系实际上是做较慢的旋转运动，从银河系的边缘到中心，旋转一周的时间大约为2.5-3亿年。"
65,以下恒星无法在3月24日晚观测到的是,大角星,天狼星,织女星,北落师门,D,A
66,哈雷彗星最远可以到达,土星与天王星轨道之间,天王星与海王星轨道之间,木星与土星轨道之间,海王星轨道外侧,D,D. 海王星轨道外侧
67,一颗彗星最多和几个流星群有关,没有上限,1,4,2,D,C. 4解释：每颗彗星都可以与2至5个流星群有关。
68,下列流星雨中，2019年极大期间的观测受月光影响最小的是,双子座流星雨,宝瓶座η流星雨,猎户座流星雨,四月天琴座流星雨,B,A. 双子座流星雨。
69,2018年全球范围内可见（）次日偏食，而我国可以观测到其中的（）次,3，1,2，0,4，2,2，1,A,D. 2，1
70,2022年土星的最佳观测时间在,暑假期间,五一假期期间,双子座流星雨期间,春节期间,A,A. 暑假期间。
71,以下说法不正确的是,2018年8月，帕克太阳探测器发射升空，这也是NASA第一次以还在世者的名字来命名探测器,2018年6月，隼鸟2号探测器抵达小行星“龙宫”上空，随后，巡视器MINERVA-II1成功着陆于其表面并传回照片，成为首次成功着陆小行星上的巡视器,2018年11月，旅行者2号穿过了太阳风边界，继旅行者1号后成为第二个正式进入星际空间的探测器,2018年10月，迄今为止第三个金星探测器贝比科隆博号（BepiColombo）发射升空，并将在7年后抵达相应轨道,D,D
72,首先提出“黑洞蒸发”理论的天文学家是,钱德拉塞卡,爱因斯坦,爱丁顿,霍金,A,D. 霍金。
73,一位天文学家准备在今晚观测星团NGC6633，已知它大约在地方时刚过午夜后升起，且在本次竞赛预赛的所有考点都能被观测到，那么它可能位于以下哪个星座,乌鸦座,蛇夫座,宝瓶座,麒麟座,B,D. 麒麟座
74,天体周日视运动过程中达到“上中天”时，它一定,方位角为180°,在地平线以上,赤经为0,地平高度达到最大值,D,"C. 赤经为0。解题过程如下:当天体在周日视运动过程中达到“上中天”,说明它在地平线以上,且赤经为0°,即经过正午。此时，天体的方位角为12时。由于地平线以上，天体的地平高度为0，所以选项D不正确。综上所述，答案是选项C:赤经为0。"
75,下列说法最不准确的一项是,流星是一种太阳系小天体,室女座W型变星可充当标准烛光,类星体是一类活动星系核,M型主序星的寿命大于宇宙年龄,A,D
76,半人马座α星距离我们大约,8.6万光年,16.7光年,2.8光年,4.3光年,D,B. 16.7光年。
77,M51位于,大熊座,小熊座,天琴座,猎犬座,D,A. 大熊座。M51位于大熊座，是一个椭圆星云，也是我国《天文学名词》 float 规范收录词。
78,3月份美国宇航局公布的一张韦布空间望远镜的一张校准照片，图中央的恒星呈现出六角星芒。这种六角星芒产生的原因是,六边形镜片造成的衍射结构,遮光罩造成的衍射结构,副镜支架造成的干涉条纹,副镜支架造成的衍射结构,A,A. 六边形镜片造成的衍射结构。
79,某个望远镜的极限星等是20等，那么它能探测到的类太阳恒星的最远距离是,520光年,8400光年,450000光年,36000光年,D,能探测到的类太阳恒星的最远距离是450000光年。
80,下列年份，哪一年会发生日全食（包括全环食），且全食带中心点距离我国最近,2023年,2022年,2020年,2021年,A,C. 2020年
81,最大的折射式望远镜的口径是,8.0m,5.4m,1.0m,2.4m,C,B. 5.4m
82,下列不同类型的超新星中被称为“标准烛光”是,Ib型超新星,Ic型超新星,Ia型超新星,II型超新星,C,C. Ia型超新星。Ia型超新星被称为“标准烛光”，因为它们的光度与恒星的光度之间非常规律的对应关系，可以用来测量宇宙的距离和膨胀速率。
83,以下哪一项不是天文学的星座名,天平座,水蛇座,杜鹃座,天炉座,A,D. 天炉座。
84,2017年9月15日，卡西尼号探测器以坠入哪一个星球大气层的方式结束了它的探测任务,木星,金星,土星,海王星,A,C. 土星
85,椭圆星系M87位于（）天区内,后发座,巨蟹座,狐狸座,室女座,D,D. 室女座
86,如果把月球压成黑洞，它的史瓦西半径约,0.1毫米,1毫米,1厘米,1分米,A,B. 1毫米。月球的质量约为地球质量的1/81，因此它与地球的比质量为1:81。根据史瓦西半径公式R=2/3πr，其中r为史瓦西半径，可得月车的史瓦西半径为:R = 2/3πrr = 3R/2π将R的值带入可得:r = 3(1毫米)/(2π) ≈ 1.995毫米因此，如果把月球压成黑洞，它的史瓦西半径约为1.995毫米，最接近的选项是1毫米。
87,银河系到仙女座大星系的距离约245万光年，这相当于,5.05×10^{7}AU,799Mpc,0.75Mpc,8×10^{9}AU,C,C. 0.75Mpc。
88,2016年，天文学家利用欧洲南方天文台的望远镜和其他设施，在距离我们太阳系最近的恒星（）周围，发现了一颗位于宜居带内的行星,天狼星,WISE1049-5319,巴纳德星,比邻星,D,B. WISE1049-5319
89,以下哪个太阳耀斑X射线分级是不存在的,B,X,D,M,C,A
90,中国古代发展出自己独特的星空划分和命名体系，古人把天空划分为三垣二十八宿，下列不属于“三垣”的是,军市垣,紫微垣,太微垣,天市垣,A,A. 军市垣
91,在半影月食发生期间，如果站在月面上的半影区域，你会看到什么现象,日全食,没有发生日食,日偏食,看不到太阳,C,C. 日偏食
92,M42与以下哪个天体光谱最接近,M57,M31,太阳,双子座流星雨群内流星,A,C. 太阳
93,位于北京（东经116°20'，北纬39°56'）的一位天文爱好者，当面向正南方向观测时，在以下哪个星座范围内能够看到地球同步轨道卫星,天琴座,盾牌座,海豚座,南鱼座,B,D. 南鱼座。解题过程如下：首先，我们需要知道地球同步轨道卫星的轨道面与地球赤道面之间的夹角约为55.3°。然后，我们考虑到北京地理位置，位于北纬39°56'，即纬度高于赤道约1.5°。因此，能够看到地球同步轨道卫星的星座范围为在北京市下方约1.5°以内的星座。南鱼座位于赤道以南约1.5°，属于这个范围内的星座，所以D. 南鱼座是正确答案。
94,以下哪一项是2018年辞世的理论物理学家斯蒂芬·霍金最著名的理论,黑洞辐射理论,宇宙大爆炸理论,提出希格斯粒子,量子纠缠理论,A,A. 黑洞辐射理论
95,“七月流火”是《诗经·豳风·七月》中的第一句，描述的是古人对天象的观察结果，其中的“火”是指,某种大气现象,火流星,大火星,火星,C,D. 火星。
96,织女星是一颗位于主序带上的典型的AO型恒星，其绝对星等约为0.7等，在不考虑消光的前提下，一颗视星等为15等的同类型恒星距离我们大约多远？（）,8000秒差距,20000秒差距,500秒差距,3000秒差距,A,B. 20000秒差距。解题过程如下：由题目可知，织女星的绝对星等约为0.7等，其视星等为15等的同类型恒星距离我们大约3000秒差距。设这颗同类型恒星的距离为x，则：15 / x = 0.7x = 15 / 0.7 = 21.43即这颗同类型恒星距离我们大约21.43等。而一颗恒星的周期为T，其与地球的距离为R = 15 / T。所以，同类型恒星距离我们大约21.43等，即：15 / T = 21.43T = 15 / 21.43 = 0.687 t其中t为同类型恒星与地球周期之比，t = 1 / 21.43。而根据开普勒第三定律，T_1^2 / R_1^2 = T_2^2 / R_2^2，可以求得：T_1^2 / (15+21.43R_1)^2 = T_2^2 / (15+21.43R_2)^2即：(21.43R_1)^2 = (21.43R_2)^2R_2 = 15 / 0.7 = 21.43R_1所以，21.43R_1 = 15 / TR_2 = 15 / T = 21.43R_1将上述两式联立，得：T = 0.687 tT = 21.43T_1解得，T_1 = 0.687，T_2 = 21.43 / 0.687 = 3.25 t所以，同类型恒星与地球的周期之比为 0.687 : 3.25 = 1 : 4.79。同类型恒星与地球的距离为 15 / 0.687 = 22.07R_1所以，这颗同类型恒星距离我们大约 22.07R_1 = 22.07 * 15 = 331.05 光年。即这颗同类型恒星距离我们大约 3000 光年。所以，选项B. 20000秒差距正确。
97,土司空（鲸鱼座β）的视星等为2等，绝对星等为-0.35等，它的距离为,224pc,29.5pc,21.4pc,96.2pc,B,B. 29.5pc
98,根据赫罗图上的信息判断，一般红超巨星、蓝超巨星和红巨星相比，半径更大的是,无法判断,蓝超巨星,红巨星,红超巨星,D,D. 红超巨星。赫罗图是一种显示恒星质量、半径、年龄和光谱类型的图。根据赫罗图上的信息，红超巨星、蓝超巨星和红巨星从左到右、从上到下逐渐增大。因此，半径最大的是红超巨星。
99,参宿四位于,猎户座,大犬座,小犬座,御夫座,A,A. 猎户座。参宿四，即天鹅座α（Alpha Cygni），位于猎户座的西南方。
100,在一个双星系统中，主星与伴星的温度相差不多，主星的光度约为伴星的82倍，光度差异主要源于两颗星半径的差异。根据以上信息，估算主星与伴星的半径之比约为,8.5,9.1,9.7,10.3,B,D. 10.3
101,暗物质粒子探测器（）基于在轨运行的前530天共采集了约28亿个高能宇宙射线，成功获取了目前国际上精度最高的TeV电子宇宙射线探测结果,ALMA,南极AST-3,悟空,Gaia,C,C. 悟空
102,一颗位于某星系（约1000kpc）中的超巨星的绝对星等为-8，那么在地球上观测其视星等为,18,20,8,10,A,首先我们需要知道超巨星与地球之间的距离的计算公式：M = -2.5 log10 (d/100pc) - 2.5其中M表示天体的绝对星等，d为与天体的距离，单位为百帕西。根据题目中给出的信息，这颗超巨星位于星系中的距离为1000kpc，即100000光年。代入公式得： M = -2.5 log10 (100000/100pc) - 2.5 = -2.5 log10 (1000) - 2.5 = -20.5所以这颗超巨星在地球上观测的视星等为 -20.5。由于视星等是指数宇宙中距离、天球厚度和观测者所在位置的加权平均，我们无法求出具体的数值。但是我们可以用这个公式来比较不同天体的视星等。根据题目选项，我们可以看到B. 20是正确的。
103,以下梅西叶天体中距离我们最远的是,M13,M104,M42,M78,B,B. M104
104,2022年全球范围内，会出现几次日食和月食,2次日食，1次月食,3次日食，2次月食,2次日食，2次月食,3次日食，1次月食,C,C. 2次日食，2次月食。
105,以下哪个参数用于度量大气扰动对天体影像的影响,极限星等,云遮率,透明度,视宁度,D,B. 云遮率
106,在国家天文台兴隆观测基地进行观测，以下哪个时间的夜空与除夕夜（2017年1月27日）21时的夜空最接近,2017年2月27日19时,2017年3月29日23时,2017年3月29日20时,2016年12月27日19时,A,C. 2017年3月29日20时。由于地球自转，夜空会随着时间而变化。在这四个选项中，2017年3月29日20时的夜空与除夕夜（2017年1月27日21时）的夜空最接近。
107,在南半球中纬度地区观测，现在是恒星时7h，已知某恒星再经过2h30m后上中天，请问该恒星的赤经为,6h30m,9h30m,0h30m,3h30,B,B. 9h30m
108,以下关于2018年即将发射的凌星系外行星巡天望远镜（TESS）说法错误的是,它将在椭圆轨道上绕地球运行,除了观测系外行星，它还将被广泛应用于观测其他类型的目标,它将对开普勒望远镜之前发现的岩态行星进行进一步探测,它的目标是1到2倍地球大小的系外行星,D,A
109,太阳绕银心运动的轨道速度是,210km/s,7.9km/s,52km/s,16.7km/s,A,D. 16.7km/s
110,五一劳动节当天的月相是,上弦月,蛾眉月,下弦月,新月,D,B
111,火星在2018年大冲时位于哪个星座天区内,狮子座,摩羯座,天秤座,巨蟹座,B,B. 摩羯座。大冲是火星每27个月大约一次的与太阳相对位置在红色行星与太阳之间穿过的现象。2018年时，火星位于天球上的摩羯座区域。
112,下列哪个天体今天与太阳的角距离最小,北落师门,斗宿四,娄宿三,心宿二,C,D. 心宿二
113,2022年2月28日，国家科学技术部高技术研究发展中心发布“2021年度中国科学十大进展”，其中天文与航天方面的项目共有4项进榜单，这不包括,高海拔宇宙线观测站（LHAASO）首次发现超千万亿电子伏的高能光子,火星探测任务天问一号探测器成功着陆火星,嫦娥五号月球样品揭示月球演化奥秘,FAST捕获世界最大快速射电暴样本,A,D
114,下列恒星核聚变反应可以形成的元素中，最重的是,Au,Ca,Fe,Si,C,C. Fe。天文学中，恒星核聚变反应过程中，较轻的元素会聚变成为较重的元素。轻元素在恒星内部经过核聚变反应，形成较重的元素，并释放出中微子和能量。铁（Fe）是地球上最丰富的元素，也是恒星中主要的元素之一。铁的质量约为56，是较重的元素之一。
115,位于巴西里约热内卢（西经43°12'，南纬22°54'）的一位天文爱好者，在清晨大约6点抬头看到月亮位于头顶正上方，这天最可能是农历的,十七,初九,廿三,廿八,C,D. 廿八
116,2019年8月，业余天文学家杰纳迪·鲍里索夫发现了一个类似彗星的天体，经确认它是目前已知的第（）个来自太阳系之外的天体,二,三,四,一,A,A. 二
117,在中国古典神话故事《西游记》中，孙悟空手持一根如意金箍棒，重一万三千五百斤。平时孙悟空会把金箍棒变成“绣花针”大小放在耳朵里。与这根“绣花针”的密度最为接近的天体是,参宿四,天狼星伴星,织女星,蟹状星云中心星,B,C. 织女星
118,使用一台口径为90mm，焦距为900mm的折射望远镜观测月球，配套以下哪个目镜能够恰好使整个月球充满视野,视野为60°的25mm目镜,视野为40°的10mm目镜,视野为40°的25mm目镜,视野为40°的6.5mm目镜,B,首先，我们需要计算出这台90mm折射望远镜的视场角，即900mm*tan(45°)= 180°。然后，我们需要找到一个目镜，它的视场角能够恰好使整个月球充满视野。A和C选项的目镜都为25mm，其视场角为180°/25°= 7.2。B和D选项的目镜分别为10mm和6.5mm，其视场角分别为180°/10°= 18。所以，答案是B选项，视野为40°的10mm目镜。
119,通常认为白矮星的质量上限为1.44个太阳质量，而稳定恒星的质量上限约为（）个太阳质量,8,190,150,290,C,B. 190
120,在火星上观测地球与太阳的距离最大时可达,46,26,36,76,A,D. 76
121,已知当前的宇宙背景辐射温度为273K，那么红移为5的地方的宇宙背景辐射温度约为,1092K,1638K,273K,1365K,B,已经提供的宇宙背景辐射温度为273K，红移为5的地方的宇宙背景辐射温度约为：273K - (273K/1 + 5) = 1365K分析每个选项：A. 1092K - 错误B. 1638K - 错误C. 273K - 错误D. 1365K - 正确
122,三月份的哪个时段适合观测水星,黎明时分,日落后3小时,午夜,黄昏时分,D,A. 黎明时分。
123,2018年1月31日除发生了月全食外，还上演了谷神星冲日天象，下一次谷神星冲日将发生在,12/10/2018,31/05/2019,09/09/2020,25/03/2020,D,B. 31/05/2019。
124,春季大三角、夏季大三角、冬季大三角的9颗亮星中，与北天极角距离最小的是,参宿四,织女星,大角星,天津四,D,A. 参宿四
125,宇宙微波背景辐射的谱线轮廓形状是,正弦曲线,黑体谱,幂律谱,抛物线,B,B. 黑体谱
126,2018年1月31日的月全食发生期间，以下梅西叶天体中与月球角距离最近的是,M37,M47,M76,M44,B,A. M37
127,北斗一（天枢）与北极星的角距离大约是,70°,30°,50°,10°,B,D. 10°
128,1850年，普森注意到，星等和亮度(单位面积上接受到的辐射能)有一定的关系---星等按等差级数增长时，亮度按等比级数减小。根据这一规律，1等星应当比6等星大概亮(),100000倍,5倍,100倍,32倍,C,C. 100倍
129,由欧空局主导研制的GAIA探测器是由以下哪种火箭发射入轨的,美国Falcon火箭,中国长征火箭,欧洲Ariane火箭,俄罗斯Soyuz火箭,D,C. 欧洲Ariane火箭
130,以下哪个项目不是我国重大科技基础设施建设“十三五”规划项目,高精度地基授时系统,12米级口径光学/红外望远镜,500米口径球面射电望远镜,空间环境地基监测网,C,A. 高精度地基授时系统。
131,一位天文学家和一位同学相约观测织女星。某天晚上的某个时刻，天文学家在格林尼治天文台观测到了织女星上中天，那么此后多久这位同学将在北京天文馆（116°20′E，39°56′N）观测到织女星上中天,16小时15分,8小时15分,7小时44分,16小时12分,A,首先，我们要知道格林尼治天文台和北京天文馆之间的时差，由于北京天文馆位于东八区，所以时差为8小时。天文学家在格林尼治天文台观测到织女星上中天，由于织女星位于北天极附近，此时北半球夜幕已降，织女星位于天顶附近，所以我们可以计算出织女星与格林尼治天文台位于同一时刻的北半球地方时。地方时 = 格林尼治地方时 + 织女星与格林尼治的纬度差 + 格林尼治的时差地方时 = 0 + 46.5° + 8小时 = 43.5°接下来，我们要计算出北京天文馆观测到织女星上中天的时间。北京天文馆观测到织女星上中天的时刻 = 织女星与北京天文馆位于同一时刻的北半球地方时 + 北京天文馆与格林尼治天文台的时差北京天文馆观测到织女星上中天的时刻 = 43.5° + 8小时 = 16小时15分所以，此后16小时15分，这位同学将在北京天文馆观测到织女星上中天。答案是选项A：16小时15分。
132,到目前为止，在距离我们太阳系10pc的范围之内，天文观测已经证实存在的数目最多的是以下哪类恒星,O型,G型,M型,褐矮星,C,A. O型
133,2020年一颗广受关注的大彗星——新智彗星C/2020F3(NEOWISE)，其公转周期约为7000，则它的轨道半长径最接近（）au,3.6,36,360,3600,C,A. 3.6。
134,以下说法不正确的是,由中国运载火箭技术研究院研制的长征五号系列运载火箭属于无毒、无污染、高性能、大推力的大型液体运载火箭,选择在中午发射“胖五”的原因之一是考虑到卫星太阳帆板与太阳光线的相对关系，即有利于卫星充电,2019年12月27日，昵称“胖五”的长征五号遥三运载火箭升空，在星箭成功分离后顺利将实践二十号卫星送入预定轨道,发射“胖五”的文昌是我国纬度最低、唯一靠海的发射场，也是我国首个低纬度发射场,B,A. 由中国运载火箭技术研究院研制的长征五号系列运载火箭属于无毒、无污染、高性能、大推力的大型液体运载火箭B. 选择在中午发射“胖五”的原因之一是考虑到卫星太阳帆板与太阳光线的相对关系，即有利于卫星充电C. 2019年12月27日，昵称“胖五”的长征五号遥三运载火箭升空，在星箭成功分离后顺利将实践二十号卫星送入预定轨道D. 发射“胖五”的文昌是我国纬度最低、唯一靠海的发射场，也是我国首个低纬度发射场答案是：B
135,M15中所包含的恒星最可能是（）的恒星,低金属丰度且年轻,低金属丰度且年老,高金属丰度且年轻,高金属丰度且年老,B,B. 低金属丰度且年老
136,以下哪项英文缩写不属于三大国际天文奥林匹克赛事,APAO,AAO,IAO,IOAA,B,D
137,已知一颗恒星的光度是太阳的4倍，从地球上探测到这颗恒星的流量密度为3.05×10^{-14}W/m2，则这颗恒星到地球的距离约为,4×10^{15m},1×10^{18}m,6×10^{19}m,8×10^{24}m,C,首先，我们可以用恒星的光度与流量密度来求恒星的质量。光度是恒星质量的4倍，所以质量是3.05×10^-14W/m2 = 3.05×10^-11kg/s。流量密度是恒星质量的1/4，所以恒星的质量是3.05×10^-14W/m2 = 3.05×10^-11kg/s。然后，我们用恒星质量和恒星距离来求恒星距离。距离是恒星质量 × 光度 / 流量密度。A. 恒星距离是 4×10^15m，则距离是 (3.05×10^-11kg/s) × (1.0×10^8L/T) / (3.05×10^-14W/m2) = 1.85×10^14m，不符合。B. 恒星距离是 1×10^18m，则距离是 (3.05×10^-11kg/s) × (1.0×10^8L/T) / (3.05×10^-14W/m2) = 1.85×10^18m，不符合。C. 恒星距离是 6×10^19m，则距离是 (3.05×10^-11kg/s) × (1.0×10^8L/T) / (3.05×10^-14W/m2) = 1.98×10^19m，不符合。D. 恒星距离是 8×10^24m，则距离是 (3.05×10^-11kg/s) × (1.0×10^8L/T) / (3.05×10^-14W/m2) = 1.98×10^24m，不符合。所以，我们无法从题目中给出的信息中确定这颗恒星到地球的距离。
138,如果星团中包含的恒星在有效温度约5500K时脱离主序，那么星团的年龄最接近,1000万年,1亿年,100亿年,1000亿年,C,B. 1亿年
139,下列星座中不相邻的是,室女座与后发座,宝瓶座与南鱼座,英仙座与飞马座,天龙座与武仙座,C,B. 宝瓶座与南鱼座 天文学上，宝瓶座和南鱼座并不不相邻，它们之间相距不远，都在黄道带的附近。正确的不不相邻星座是选项C，英仙座与飞马座。
140,北极圈的纬度为北纬,66°34′,73°26′,63°26′,76°34′,A,C. 63°26′。
141,岁差现象最早是古希腊的喜帕恰斯发现的，在中国古代也有人独立发现，他是,张子信,秦九韶,虞喜,张衡,C,C. 虞喜。
142,要在农历十六观测到月掩昴星团，以下四个月份中只可能发生在,11月,5月,2月,8月,A,C. 2月
143,2022年年中，欧洲宇航局计划发射的木星冰质卫星探测器是,JUICE,JUNO,HALO,DART,A,A. JUICE
144,恒星核反应耗尽其内部燃料所需的时间叫核时标，取决于恒星的质量和光度。已知太阳的核时标约为2.5×10^{10}年，一颗主序星的质量是太阳的10倍，光度是太阳的300倍，其核时标约为,7.5×10^{8}年,7.5×10^{10}年,8.3×10^{8}年,8.3×10^{10}年,C,B. 7.5×10^{10}年。
145,2022年3月从天宫空间站返回的3名航天员不包括,翟志刚,聂海胜,王亚平,叶光富,B,D
146,中国古人用测量正午时太阳影长的方式来确定二十四节气的日期，请问在哪一个节气观测到的日影长度最短,秋分,夏至,立冬,冬至,B,D. 冬至。解题过程如下：- 地球公转的轨道呈椭圆形状，所以不同季节太阳光线与地球的夹角不同。- 冬至时，太阳光线与地球的夹角最小，此时太阳直射南半球。- 由于地球公转的轨道是有限的，所以随着时间的推移，太阳光线与地球的夹角会逐渐增大。- 夹角增大的过程中，日影长度会逐渐增加，直到一个时间点，夹角达到最大，日影长度最短，这个时间点就是夏至。- 所以，在冬至时观测到的日影长度最短。
147,使用2块凸透镜可以制作一架开普勒式望远镜。在物镜和目镜之间插入一块凹透镜能够进一步提高望远镜的放大倍数。使用这架望远镜观察远处正立的字母p，在目镜中看到的形状是,q,p,b,d,D,A. q
148,以下彗星中2018年回归近日点的是,62P/Tsuchinshanl,C/2016R2,2P/Encke,1P/Halley,C,C. 2P/Encke。
149,太阳位于银河系中的哪个组成部分里,银盘,银心,核球,银晕,C,A. 银盘
150,以下哪一架望远镜没有用来做与搜寻地外文明有关的项目,绿堤(GreenBank)望远镜,阿雷西沃(Arecibo)望远镜,FAST望远镜,SOHO望远镜,D,D. SOHO望远镜解释：SOHO望远镜主要用于研究太阳，并没有用来直接搜寻地外文明。绿堤(GreenBank)望远镜、阿雷西沃(Arecibo)望远镜和FAST望远镜均用于搜寻地外文明。
151,美国航天局（NASA）于2019年宣布超期服役的火星探测器结束使命，它的名字是,机遇号,朱雀号,勇气号,水手1号,A,C. 勇气号
152,在木星轨道位置可以观测到4颗类地行星凌日，那么发生凌日时下列哪一个的视直径最大,火星,水星,地球,金星,C,D. 金星
153,以下恒星中看上去最暗的是,织女星,大角星,北落师门,天狼星,C,C. 北落师门。
154,中国古代曾发展出自己独特的天文体系，我们现在所说的“农历”就是指过去数千年来我国一直沿用的历法系统，“农历”是什么类型的历法,阳历,阴历,阴阳合历,和现在的公历相同,C,C. 阴阳合历。“农历”是阴阳合历，即阴阳合历中的月相纪年法。月相纪年法是一种把一年分为十二个月，每个月根据月亮的盈亏来确定的历法系统。
155,下列选项中，在地球表面观测，使用天文望远镜无法看到的是,水星相位,太阳日冕,月面莫斯科海,火星卫星,C,B
156,下列哪个选项不是大爆炸宇宙学理论的证据,轻元素的比例,宇宙微波背景辐射,哈勃定律,暴胀理论,D,D. 暴胀理论
157,超新星爆发后光度会缓慢下降，这个过程中光度能量的主要来源是,核裂变,放射性元素衰变,周围物质散射超新星爆发时的光,核聚变,B,D. 核聚变
158,以下说法不正确的是,欧洲南方天文台将在夏威夷建设欧洲极大望远镜（E-ELT），其建成后将成为世界上最大的光学/红外波段望远镜,中国计划于2020年发射火星探测卫星，预计2021年抵达火星,不久前，天文学家利用凌星法发现40光年外有7颗类地行星在围绕着TRAPPIST-1恒星运动,2016年9月，欧洲空间局发布了盖亚天文卫星的第一批数据，其中包含了超过十亿颗恒星的位置信息,A,A. 欧洲南方天文台将在夏威夷建设欧洲极大望远镜（E-ELT），其建成后将成为世界上最大的光学/红外波段望远镜。B. 中国计划于2020年发射火星探测卫星，预计2021年抵达火星。C. 不久前，天文学家利用凌星法发现40光年外有7颗类地行星在围绕着TRAPPIST-1恒星运动。D. 2016年9月，欧洲空间局发布了盖亚天文卫星的第一批数据，其中包含了超过十亿颗恒星的位置信息。答案是：B
159,南河三和北河三分别位于天球上那个大圆的两侧,银道,其他三个选项都不正确,天赤道,黄道,D,D. 黄道南河三和北河三是指位于太阳系黄道平面内的一对恒星，即南门二和北门二。
160,以下流星雨中，2018年极大期间的月相最有利于观测的是,英仙座流星雨,宝瓶座η流星雨,双子座流星雨,小熊座流星雨,A,A. 英仙座流星雨。
161,瑞典皇家科学院将2017年诺贝尔奖授予美国科学家雷纳·韦斯、巴里·巴里什和吉普·索恩，以表彰他们对探测（）做出的贡献,暗能量,暗物质,引力波,中微子,C,B. 暗物质
162,以下关于双子座流星雨说法错误的是,流量大且稳定,极大出现在12月中旬,2017年月光对观测的影响不大,流星体速度较快,D,C
163,大角星的视星等为,-1等,1等,0等,2等,C,B. 1等。大角星（Rigel）是一颗位于大熊座的一颗恒星。它在北半球的夜空中非常明亮，其视星等为-1等，这意味着它比其他星体亮度高出1等。所以，大角星的视星等是1等。
164,使用一架赤道式望远镜开启自动跟踪观测正东方地平线附近一颗恒星。经过一段时间发现在望远镜视场内星像向北侧漂移。若将望远镜指向正南附近一颗恒星，经过一段时间视场内星像在南北方向几乎没有偏移。这说明望远镜极轴指向偏,低,左,高,右,C,A. 低
